# Exact Riemann solution for problem:	Lax
# Discretization:	zonal
# Domain bounds:	0.00000e+00	1.00000e+00
# Iterface position:	5.00000e-01
# Gamma:	1.40000e+00
# Left  state [dens,velx,pres]:	4.45000e-01	6.98876e-01	3.52773e+00
# Right state [dens,velx,pres]:	5.00000e-01	0.00000e+00	5.71000e-01
# Time:	1.60000e-01
                x	    dens [$\rho$]	      mom [$\mu$]	   e [$\epsilon$]	       pres [$p$]	             eint	       velx [$v$]	             cspd
  1.250000000e-03	  4.450000000e-01	  3.109998200e-01	  8.928000155e+00	  3.527730000e+00	  1.981870787e+01	  6.988760000e-01	  3.331437588e+00
  3.750000000e-03	  4.450000000e-01	  3.109998200e-01	  8.928000155e+00	  3.527730000e+00	  1.981870787e+01	  6.988760000e-01	  3.331437588e+00
  6.250000000e-03	  4.450000000e-01	  3.109998200e-01	  8.928000155e+00	  3.527730000e+00	  1.981870787e+01	  6.988760000e-01	  3.331437588e+00
  8.750000000e-03	  4.450000000e-01	  3.109998200e-01	  8.928000155e+00	  3.527730000e+00	  1.981870787e+01	  6.988760000e-01	  3.331437588e+00
  1.125000000e-02	  4.450000000e-01	  3.109998200e-01	  8.928000155e+00	  3.527730000e+00	  1.981870787e+01	  6.988760000e-01	  3.331437588e+00
  1.375000000e-02	  4.450000000e-01	  3.109998200e-01	  8.928000155e+00	  3.527730000e+00	  1.981870787e+01	  6.988760000e-01	  3.331437588e+00
  1.625000000e-02	  4.450000000e-01	  3.109998200e-01	  8.928000155e+00	  3.527730000e+00	  1.981870787e+01	  6.988760000e-01	  3.331437588e+00
  1.875000000e-02	  4.450000000e-01	  3.109998200e-01	  8.928000155e+00	  3.527730000e+00	  1.981870787e+01	  6.988760000e-01	  3.331437588e+00
  2.125000000e-02	  4.450000000e-01	  3.109998200e-01	  8.928000155e+00	  3.527730000e+00	  1.981870787e+01	  6.988760000e-01	  3.331437588e+00
  2.375000000e-02	  4.450000000e-01	  3.109998200e-01	  8.928000155e+00	  3.527730000e+00	  1.981870787e+01	  6.988760000e-01	  3.331437588e+00
  2.625000000e-02	  4.450000000e-01	  3.109998200e-01	  8.928000155e+00	  3.527730000e+00	  1.981870787e+01	  6.988760000e-01	  3.331437588e+00
  2.875000000e-02	  4.450000000e-01	  3.109998200e-01	  8.928000155e+00	  3.527730000e+00	  1.981870787e+01	  6.988760000e-01	  3.331437588e+00
  3.125000000e-02	  4.450000000e-01	  3.109998200e-01	  8.928000155e+00	  3.527730000e+00	  1.981870787e+01	  6.988760000e-01	  3.331437588e+00
  3.375000000e-02	  4.450000000e-01	  3.109998200e-01	  8.928000155e+00	  3.527730000e+00	  1.981870787e+01	  6.988760000e-01	  3.331437588e+00
  3.625000000e-02	  4.450000000e-01	  3.109998200e-01	  8.928000155e+00	  3.527730000e+00	  1.981870787e+01	  6.988760000e-01	  3.331437588e+00
  3.875000000e-02	  4.450000000e-01	  3.109998200e-01	  8.928000155e+00	  3.527730000e+00	  1.981870787e+01	  6.988760000e-01	  3.331437588e+00
  4.125000000e-02	  4.450000000e-01	  3.109998200e-01	  8.928000155e+00	  3.527730000e+00	  1.981870787e+01	  6.988760000e-01	  3.331437588e+00
  4.375000000e-02	  4.450000000e-01	  3.109998200e-01	  8.928000155e+00	  3.527730000e+00	  1.981870787e+01	  6.988760000e-01	  3.331437588e+00
  4.625000000e-02	  4.450000000e-01	  3.109998200e-01	  8.928000155e+00	  3.527730000e+00	  1.981870787e+01	  6.988760000e-01	  3.331437588e+00
  4.875000000e-02	  4.450000000e-01	  3.109998200e-01	  8.928000155e+00	  3.527730000e+00	  1.981870787e+01	  6.988760000e-01	  3.331437588e+00
  5.125000000e-02	  4.450000000e-01	  3.109998200e-01	  8.928000155e+00	  3.527730000e+00	  1.981870787e+01	  6.988760000e-01	  3.331437588e+00
  5.375000000e-02	  4.450000000e-01	  3.109998200e-01	  8.928000155e+00	  3.527730000e+00	  1.981870787e+01	  6.988760000e-01	  3.331437588e+00
  5.625000000e-02	  4.450000000e-01	  3.109998200e-01	  8.928000155e+00	  3.527730000e+00	  1.981870787e+01	  6.988760000e-01	  3.331437588e+00
  5.875000000e-02	  4.450000000e-01	  3.109998200e-01	  8.928000155e+00	  3.527730000e+00	  1.981870787e+01	  6.988760000e-01	  3.331437588e+00
  6.125000000e-02	  4.450000000e-01	  3.109998200e-01	  8.928000155e+00	  3.527730000e+00	  1.981870787e+01	  6.988760000e-01	  3.331437588e+00
  6.375000000e-02	  4.450000000e-01	  3.109998200e-01	  8.928000155e+00	  3.527730000e+00	  1.981870787e+01	  6.988760000e-01	  3.331437588e+00
  6.625000000e-02	  4.450000000e-01	  3.109998200e-01	  8.928000155e+00	  3.527730000e+00	  1.981870787e+01	  6.988760000e-01	  3.331437588e+00
  6.875000000e-02	  4.450000000e-01	  3.109998200e-01	  8.928000155e+00	  3.527730000e+00	  1.981870787e+01	  6.988760000e-01	  3.331437588e+00
  7.125000000e-02	  4.450000000e-01	  3.109998200e-01	  8.928000155e+00	  3.527730000e+00	  1.981870787e+01	  6.988760000e-01	  3.331437588e+00
  7.375000000e-02	  4.450000000e-01	  3.109998200e-01	  8.928000155e+00	  3.527730000e+00	  1.981870787e+01	  6.988760000e-01	  3.331437588e+00
  7.625000000e-02	  4.450000000e-01	  3.109998200e-01	  8.928000155e+00	  3.527730000e+00	  1.981870787e+01	  6.988760000e-01	  3.331437588e+00
  7.875000000e-02	  4.450000000e-01	  3.109998200e-01	  8.928000155e+00	  3.527730000e+00	  1.981870787e+01	  6.988760000e-01	  3.331437588e+00
  8.125000000e-02	  4.432912899e-01	  3.154849764e-01	  8.884214635e+00	  3.508780496e+00	  1.978823279e+01	  7.116877402e-01	  3.328875240e+00
  8.375000000e-02	  4.415600751e-01	  3.200023721e-01	  8.839982207e+00	  3.489611190e+00	  1.975728438e+01	  7.247085736e-01	  3.326271074e+00
  8.625000000e-02	  4.398342733e-01	  3.244786776e-01	  8.796018031e+00	  3.470531720e+00	  1.972636019e+01	  7.377294069e-01	  3.323666907e+00
  8.875000000e-02	  4.381138718e-01	  3.289140945e-01	  8.752320504e+00	  3.451541734e+00	  1.969546022e+01	  7.507502402e-01	  3.321062740e+00
  9.125000000e-02	  4.363988581e-01	  3.333088243e-01	  8.708888027e+00	  3.432640883e+00	  1.966458447e+01	  7.637710736e-01	  3.318458574e+00
  9.375000000e-02	  4.346892193e-01	  3.376630676e-01	  8.665719014e+00	  3.413828818e+00	  1.963373294e+01	  7.767919069e-01	  3.315854407e+00
  9.625000000e-02	  4.329849429e-01	  3.419770242e-01	  8.622811881e+00	  3.395105190e+00	  1.960290563e+01	  7.898127402e-01	  3.313250240e+00
  9.875000000e-02	  4.312860162e-01	  3.462508936e-01	  8.580165056e+00	  3.376469654e+00	  1.957210254e+01	  8.028335736e-01	  3.310646074e+00
  1.012500000e-01	  4.295924266e-01	  3.504848744e-01	  8.537776972e+00	  3.357921863e+00	  1.954132367e+01	  8.158544069e-01	  3.308041907e+00
  1.037500000e-01	  4.279041616e-01	  3.546791648e-01	  8.495646071e+00	  3.339461473e+00	  1.951056903e+01	  8.288752402e-01	  3.305437740e+00
  1.062500000e-01	  4.262212086e-01	  3.588339620e-01	  8.453770802e+00	  3.321088140e+00	  1.947983860e+01	  8.418960736e-01	  3.302833574e+00
  1.087500000e-01	  4.245435550e-01	  3.629494629e-01	  8.412149622e+00	  3.302801522e+00	  1.944913239e+01	  8.549169069e-01	  3.300229407e+00
  1.112500000e-01	  4.228711883e-01	  3.670258636e-01	  8.370780996e+00	  3.284601278e+00	  1.941845040e+01	  8.679377402e-01	  3.297625240e+00
  1.137500000e-01	  4.212040960e-01	  3.710633596e-01	  8.329663394e+00	  3.266487068e+00	  1.938779263e+01	  8.809585736e-01	  3.295021074e+00
  1.162500000e-01	  4.195422656e-01	  3.750621458e-01	  8.288795297e+00	  3.248458552e+00	  1.935715909e+01	  8.939794069e-01	  3.292416907e+00
  1.187500000e-01	  4.178856847e-01	  3.790224164e-01	  8.248175191e+00	  3.230515392e+00	  1.932654976e+01	  9.070002402e-01	  3.289812740e+00
  1.212500000e-01	  4.162343408e-01	  3.829443650e-01	  8.207801570e+00	  3.212657251e+00	  1.929596465e+01	  9.200210736e-01	  3.287208574e+00
  1.237500000e-01	  4.145882214e-01	  3.868281847e-01	  8.167672936e+00	  3.194883793e+00	  1.926540377e+01	  9.330419069e-01	  3.284604407e+00
  1.262500000e-01	  4.129473142e-01	  3.906740677e-01	  8.127787799e+00	  3.177194684e+00	  1.923486710e+01	  9.460627402e-01	  3.282000240e+00
  1.287500000e-01	  4.113116068e-01	  3.944822057e-01	  8.088144673e+00	  3.159589589e+00	  1.920435466e+01	  9.590835736e-01	  3.279396074e+00
  1.312500000e-01	  4.096810868e-01	  3.982527899e-01	  8.048742084e+00	  3.142068175e+00	  1.917386643e+01	  9.721044069e-01	  3.276791907e+00
  1.337500000e-01	  4.080557419e-01	  4.019860108e-01	  8.009578562e+00	  3.124630112e+00	  1.914340243e+01	  9.851252402e-01	  3.274187740e+00
  1.362500000e-01	  4.064355597e-01	  4.056820581e-01	  7.970652646e+00	  3.107275068e+00	  1.911296264e+01	  9.981460736e-01	  3.271583574e+00
  1.387500000e-01	  4.048205280e-01	  4.093411211e-01	  7.931962880e+00	  3.090002713e+00	  1.908254708e+01	  1.011166907e+00	  3.268979407e+00
  1.412500000e-01	  4.032106344e-01	  4.129633884e-01	  7.893507818e+00	  3.072812719e+00	  1.905215573e+01	  1.024187740e+00	  3.266375240e+00
  1.437500000e-01	  4.016058666e-01	  4.165490480e-01	  7.855286021e+00	  3.055704759e+00	  1.902178861e+01	  1.037208574e+00	  3.263771074e+00
  1.462500000e-01	  4.000062125e-01	  4.200982873e-01	  7.817296054e+00	  3.038678506e+00	  1.899144570e+01	  1.050229407e+00	  3.261166907e+00
  1.487500000e-01	  3.984116597e-01	  4.236112929e-01	  7.779536492e+00	  3.021733635e+00	  1.896112702e+01	  1.063250240e+00	  3.258562740e+00
  1.512500000e-01	  3.968221962e-01	  4.270882511e-01	  7.742005917e+00	  3.004869821e+00	  1.893083256e+01	  1.076271074e+00	  3.255958574e+00
  1.537500000e-01	  3.952378096e-01	  4.305293473e-01	  7.704702917e+00	  2.988086740e+00	  1.890056232e+01	  1.089291907e+00	  3.253354407e+00
  1.562500000e-01	  3.936584878e-01	  4.339347664e-01	  7.667626088e+00	  2.971384071e+00	  1.887031629e+01	  1.102312740e+00	  3.250750240e+00
  1.587500000e-01	  3.920842187e-01	  4.373046928e-01	  7.630774032e+00	  2.954761492e+00	  1.884009449e+01	  1.115333574e+00	  3.248146074e+00
  1.612500000e-01	  3.905149902e-01	  4.406393101e-01	  7.594145360e+00	  2.938218683e+00	  1.880989691e+01	  1.128354407e+00	  3.245541907e+00
  1.637500000e-01	  3.889507900e-01	  4.439388014e-01	  7.557738688e+00	  2.921755324e+00	  1.877972355e+01	  1.141375240e+00	  3.242937740e+00
  1.662500000e-01	  3.873916061e-01	  4.472033491e-01	  7.521552639e+00	  2.905371098e+00	  1.874957441e+01	  1.154396074e+00	  3.240333574e+00
  1.687500000e-01	  3.858374265e-01	  4.504331351e-01	  7.485585845e+00	  2.889065686e+00	  1.871944949e+01	  1.167416907e+00	  3.237729407e+00
  1.712500000e-01	  3.842882391e-01	  4.536283406e-01	  7.449836942e+00	  2.872838774e+00	  1.868934879e+01	  1.180437740e+00	  3.235125240e+00
  1.737500000e-01	  3.827440319e-01	  4.567891463e-01	  7.414304575e+00	  2.856690046e+00	  1.865927231e+01	  1.193458574e+00	  3.232521074e+00
  1.762500000e-01	  3.812047927e-01	  4.599157322e-01	  7.378987396e+00	  2.840619187e+00	  1.862922005e+01	  1.206479407e+00	  3.229916907e+00
  1.787500000e-01	  3.796705098e-01	  4.630082778e-01	  7.343884063e+00	  2.824625884e+00	  1.859919201e+01	  1.219500240e+00	  3.227312740e+00
  1.812500000e-01	  3.781411709e-01	  4.660669619e-01	  7.308993240e+00	  2.808709826e+00	  1.856918819e+01	  1.232521074e+00	  3.224708574e+00
  1.837500000e-01	  3.766167643e-01	  4.690919628e-01	  7.274313600e+00	  2.792870700e+00	  1.853920859e+01	  1.245541907e+00	  3.222104407e+00
  1.862500000e-01	  3.750972779e-01	  4.720834579e-01	  7.239843820e+00	  2.777108198e+00	  1.850925321e+01	  1.258562740e+00	  3.219500240e+00
  1.887500000e-01	  3.735826999e-01	  4.750416245e-01	  7.205582587e+00	  2.761422009e+00	  1.847932205e+01	  1.271583574e+00	  3.216896074e+00
  1.912500000e-01	  3.720730183e-01	  4.779666390e-01	  7.171528592e+00	  2.745811827e+00	  1.844941511e+01	  1.284604407e+00	  3.214291907e+00
  1.937500000e-01	  3.705682213e-01	  4.808586771e-01	  7.137680534e+00	  2.730277342e+00	  1.841953239e+01	  1.297625240e+00	  3.211687740e+00
  1.962500000e-01	  3.690682969e-01	  4.837179142e-01	  7.104037119e+00	  2.714818250e+00	  1.838967390e+01	  1.310646074e+00	  3.209083574e+00
  1.987500000e-01	  3.675732334e-01	  4.865445250e-01	  7.070597058e+00	  2.699434246e+00	  1.835983962e+01	  1.323666907e+00	  3.206479407e+00
  2.012500000e-01	  3.660830190e-01	  4.893386834e-01	  7.037359070e+00	  2.684125024e+00	  1.833002956e+01	  1.336687740e+00	  3.203875240e+00
  2.037500000e-01	  3.645976418e-01	  4.921005630e-01	  7.004321880e+00	  2.668890282e+00	  1.830024373e+01	  1.349708574e+00	  3.201271074e+00
  2.062500000e-01	  3.631170900e-01	  4.948303366e-01	  6.971484221e+00	  2.653729718e+00	  1.827048211e+01	  1.362729407e+00	  3.198666907e+00
  2.087500000e-01	  3.616413518e-01	  4.975281766e-01	  6.938844831e+00	  2.638643031e+00	  1.824074471e+01	  1.375750240e+00	  3.196062740e+00
  2.112500000e-01	  3.601704156e-01	  5.001942548e-01	  6.906402454e+00	  2.623629919e+00	  1.821103154e+01	  1.388771074e+00	  3.193458574e+00
  2.137500000e-01	  3.587042696e-01	  5.028287421e-01	  6.874155842e+00	  2.608690085e+00	  1.818134258e+01	  1.401791907e+00	  3.190854407e+00
  2.162500000e-01	  3.572429021e-01	  5.054318092e-01	  6.842103753e+00	  2.593823229e+00	  1.815167785e+01	  1.414812740e+00	  3.188250240e+00
  2.187500000e-01	  3.557863014e-01	  5.080036261e-01	  6.810244952e+00	  2.579029054e+00	  1.812203733e+01	  1.427833574e+00	  3.185646074e+00
  2.212500000e-01	  3.543344558e-01	  5.105443621e-01	  6.778578209e+00	  2.564307265e+00	  1.809242104e+01	  1.440854407e+00	  3.183041907e+00
  2.237500000e-01	  3.528873536e-01	  5.130541860e-01	  6.747102301e+00	  2.549657565e+00	  1.806282896e+01	  1.453875240e+00	  3.180437740e+00
  2.262500000e-01	  3.514449833e-01	  5.155332661e-01	  6.715816012e+00	  2.535079660e+00	  1.803326111e+01	  1.466896074e+00	  3.177833574e+00
  2.287500000e-01	  3.500073333e-01	  5.179817700e-01	  6.684718132e+00	  2.520573257e+00	  1.800371748e+01	  1.479916907e+00	  3.175229407e+00
  2.312500000e-01	  3.485743918e-01	  5.203998648e-01	  6.653807457e+00	  2.506138063e+00	  1.797419806e+01	  1.492937740e+00	  3.172625240e+00
  2.337500000e-01	  3.471461474e-01	  5.227877170e-01	  6.623082790e+00	  2.491773787e+00	  1.794470287e+01	  1.505958574e+00	  3.170021074e+00
  2.362500000e-01	  3.457225885e-01	  5.251454925e-01	  6.592542940e+00	  2.477480138e+00	  1.791523190e+01	  1.518979407e+00	  3.167416907e+00
  2.387500000e-01	  3.446343206e-01	  5.269329184e-01	  6.569252650e+00	  2.466568936e+00	  1.789265308e+01	  1.528962401e+00	  3.165420308e+00
  2.412500000e-01	  3.446343206e-01	  5.269329184e-01	  6.569252650e+00	  2.466568936e+00	  1.789265308e+01	  1.528962401e+00	  3.165420308e+00
  2.437500000e-01	  3.446343206e-01	  5.269329184e-01	  6.569252650e+00	  2.466568936e+00	  1.789265308e+01	  1.528962401e+00	  3.165420308e+00
  2.462500000e-01	  3.446343206e-01	  5.269329184e-01	  6.569252650e+00	  2.466568936e+00	  1.789265308e+01	  1.528962401e+00	  3.165420308e+00
  2.487500000e-01	  3.446343206e-01	  5.269329184e-01	  6.569252650e+00	  2.466568936e+00	  1.789265308e+01	  1.528962401e+00	  3.165420308e+00
  2.512500000e-01	  3.446343206e-01	  5.269329184e-01	  6.569252650e+00	  2.466568936e+00	  1.789265308e+01	  1.528962401e+00	  3.165420308e+00
  2.537500000e-01	  3.446343206e-01	  5.269329184e-01	  6.569252650e+00	  2.466568936e+00	  1.789265308e+01	  1.528962401e+00	  3.165420308e+00
  2.562500000e-01	  3.446343206e-01	  5.269329184e-01	  6.569252650e+00	  2.466568936e+00	  1.789265308e+01	  1.528962401e+00	  3.165420308e+00
  2.587500000e-01	  3.446343206e-01	  5.269329184e-01	  6.569252650e+00	  2.466568936e+00	  1.789265308e+01	  1.528962401e+00	  3.165420308e+00
  2.612500000e-01	  3.446343206e-01	  5.269329184e-01	  6.569252650e+00	  2.466568936e+00	  1.789265308e+01	  1.528962401e+00	  3.165420308e+00
  2.637500000e-01	  3.446343206e-01	  5.269329184e-01	  6.569252650e+00	  2.466568936e+00	  1.789265308e+01	  1.528962401e+00	  3.165420308e+00
  2.662500000e-01	  3.446343206e-01	  5.269329184e-01	  6.569252650e+00	  2.466568936e+00	  1.789265308e+01	  1.528962401e+00	  3.165420308e+00
  2.687500000e-01	  3.446343206e-01	  5.269329184e-01	  6.569252650e+00	  2.466568936e+00	  1.789265308e+01	  1.528962401e+00	  3.165420308e+00
  2.712500000e-01	  3.446343206e-01	  5.269329184e-01	  6.569252650e+00	  2.466568936e+00	  1.789265308e+01	  1.528962401e+00	  3.165420308e+00
  2.737500000e-01	  3.446343206e-01	  5.269329184e-01	  6.569252650e+00	  2.466568936e+00	  1.789265308e+01	  1.528962401e+00	  3.165420308e+00
  2.762500000e-01	  3.446343206e-01	  5.269329184e-01	  6.569252650e+00	  2.466568936e+00	  1.789265308e+01	  1.528962401e+00	  3.165420308e+00
  2.787500000e-01	  3.446343206e-01	  5.269329184e-01	  6.569252650e+00	  2.466568936e+00	  1.789265308e+01	  1.528962401e+00	  3.165420308e+00
  2.812500000e-01	  3.446343206e-01	  5.269329184e-01	  6.569252650e+00	  2.466568936e+00	  1.789265308e+01	  1.528962401e+00	  3.165420308e+00
  2.837500000e-01	  3.446343206e-01	  5.269329184e-01	  6.569252650e+00	  2.466568936e+00	  1.789265308e+01	  1.528962401e+00	  3.165420308e+00
  2.862500000e-01	  3.446343206e-01	  5.269329184e-01	  6.569252650e+00	  2.466568936e+00	  1.789265308e+01	  1.528962401e+00	  3.165420308e+00
  2.887500000e-01	  3.446343206e-01	  5.269329184e-01	  6.569252650e+00	  2.466568936e+00	  1.789265308e+01	  1.528962401e+00	  3.165420308e+00
  2.912500000e-01	  3.446343206e-01	  5.269329184e-01	  6.569252650e+00	  2.466568936e+00	  1.789265308e+01	  1.528962401e+00	  3.165420308e+00
  2.937500000e-01	  3.446343206e-01	  5.269329184e-01	  6.569252650e+00	  2.466568936e+00	  1.789265308e+01	  1.528962401e+00	  3.165420308e+00
  2.962500000e-01	  3.446343206e-01	  5.269329184e-01	  6.569252650e+00	  2.466568936e+00	  1.789265308e+01	  1.528962401e+00	  3.165420308e+00
  2.987500000e-01	  3.446343206e-01	  5.269329184e-01	  6.569252650e+00	  2.466568936e+00	  1.789265308e+01	  1.528962401e+00	  3.165420308e+00
  3.012500000e-01	  3.446343206e-01	  5.269329184e-01	  6.569252650e+00	  2.466568936e+00	  1.789265308e+01	  1.528962401e+00	  3.165420308e+00
  3.037500000e-01	  3.446343206e-01	  5.269329184e-01	  6.569252650e+00	  2.466568936e+00	  1.789265308e+01	  1.528962401e+00	  3.165420308e+00
  3.062500000e-01	  3.446343206e-01	  5.269329184e-01	  6.569252650e+00	  2.466568936e+00	  1.789265308e+01	  1.528962401e+00	  3.165420308e+00
  3.087500000e-01	  3.446343206e-01	  5.269329184e-01	  6.569252650e+00	  2.466568936e+00	  1.789265308e+01	  1.528962401e+00	  3.165420308e+00
  3.112500000e-01	  3.446343206e-01	  5.269329184e-01	  6.569252650e+00	  2.466568936e+00	  1.789265308e+01	  1.528962401e+00	  3.165420308e+00
  3.137500000e-01	  3.446343206e-01	  5.269329184e-01	  6.569252650e+00	  2.466568936e+00	  1.789265308e+01	  1.528962401e+00	  3.165420308e+00
  3.162500000e-01	  3.446343206e-01	  5.269329184e-01	  6.569252650e+00	  2.466568936e+00	  1.789265308e+01	  1.528962401e+00	  3.165420308e+00
  3.187500000e-01	  3.446343206e-01	  5.269329184e-01	  6.569252650e+00	  2.466568936e+00	  1.789265308e+01	  1.528962401e+00	  3.165420308e+00
  3.212500000e-01	  3.446343206e-01	  5.269329184e-01	  6.569252650e+00	  2.466568936e+00	  1.789265308e+01	  1.528962401e+00	  3.165420308e+00
  3.237500000e-01	  3.446343206e-01	  5.269329184e-01	  6.569252650e+00	  2.466568936e+00	  1.789265308e+01	  1.528962401e+00	  3.165420308e+00
  3.262500000e-01	  3.446343206e-01	  5.269329184e-01	  6.569252650e+00	  2.466568936e+00	  1.789265308e+01	  1.528962401e+00	  3.165420308e+00
  3.287500000e-01	  3.446343206e-01	  5.269329184e-01	  6.569252650e+00	  2.466568936e+00	  1.789265308e+01	  1.528962401e+00	  3.165420308e+00
  3.312500000e-01	  3.446343206e-01	  5.269329184e-01	  6.569252650e+00	  2.466568936e+00	  1.789265308e+01	  1.528962401e+00	  3.165420308e+00
  3.337500000e-01	  3.446343206e-01	  5.269329184e-01	  6.569252650e+00	  2.466568936e+00	  1.789265308e+01	  1.528962401e+00	  3.165420308e+00
  3.362500000e-01	  3.446343206e-01	  5.269329184e-01	  6.569252650e+00	  2.466568936e+00	  1.789265308e+01	  1.528962401e+00	  3.165420308e+00
  3.387500000e-01	  3.446343206e-01	  5.269329184e-01	  6.569252650e+00	  2.466568936e+00	  1.789265308e+01	  1.528962401e+00	  3.165420308e+00
  3.412500000e-01	  3.446343206e-01	  5.269329184e-01	  6.569252650e+00	  2.466568936e+00	  1.789265308e+01	  1.528962401e+00	  3.165420308e+00
  3.437500000e-01	  3.446343206e-01	  5.269329184e-01	  6.569252650e+00	  2.466568936e+00	  1.789265308e+01	  1.528962401e+00	  3.165420308e+00
  3.462500000e-01	  3.446343206e-01	  5.269329184e-01	  6.569252650e+00	  2.466568936e+00	  1.789265308e+01	  1.528962401e+00	  3.165420308e+00
  3.487500000e-01	  3.446343206e-01	  5.269329184e-01	  6.569252650e+00	  2.466568936e+00	  1.789265308e+01	  1.528962401e+00	  3.165420308e+00
  3.512500000e-01	  3.446343206e-01	  5.269329184e-01	  6.569252650e+00	  2.466568936e+00	  1.789265308e+01	  1.528962401e+00	  3.165420308e+00
  3.537500000e-01	  3.446343206e-01	  5.269329184e-01	  6.569252650e+00	  2.466568936e+00	  1.789265308e+01	  1.528962401e+00	  3.165420308e+00
  3.562500000e-01	  3.446343206e-01	  5.269329184e-01	  6.569252650e+00	  2.466568936e+00	  1.789265308e+01	  1.528962401e+00	  3.165420308e+00
  3.587500000e-01	  3.446343206e-01	  5.269329184e-01	  6.569252650e+00	  2.466568936e+00	  1.789265308e+01	  1.528962401e+00	  3.165420308e+00
  3.612500000e-01	  3.446343206e-01	  5.269329184e-01	  6.569252650e+00	  2.466568936e+00	  1.789265308e+01	  1.528962401e+00	  3.165420308e+00
  3.637500000e-01	  3.446343206e-01	  5.269329184e-01	  6.569252650e+00	  2.466568936e+00	  1.789265308e+01	  1.528962401e+00	  3.165420308e+00
  3.662500000e-01	  3.446343206e-01	  5.269329184e-01	  6.569252650e+00	  2.466568936e+00	  1.789265308e+01	  1.528962401e+00	  3.165420308e+00
  3.687500000e-01	  3.446343206e-01	  5.269329184e-01	  6.569252650e+00	  2.466568936e+00	  1.789265308e+01	  1.528962401e+00	  3.165420308e+00
  3.712500000e-01	  3.446343206e-01	  5.269329184e-01	  6.569252650e+00	  2.466568936e+00	  1.789265308e+01	  1.528962401e+00	  3.165420308e+00
  3.737500000e-01	  3.446343206e-01	  5.269329184e-01	  6.569252650e+00	  2.466568936e+00	  1.789265308e+01	  1.528962401e+00	  3.165420308e+00
  3.762500000e-01	  3.446343206e-01	  5.269329184e-01	  6.569252650e+00	  2.466568936e+00	  1.789265308e+01	  1.528962401e+00	  3.165420308e+00
  3.787500000e-01	  3.446343206e-01	  5.269329184e-01	  6.569252650e+00	  2.466568936e+00	  1.789265308e+01	  1.528962401e+00	  3.165420308e+00
  3.812500000e-01	  3.446343206e-01	  5.269329184e-01	  6.569252650e+00	  2.466568936e+00	  1.789265308e+01	  1.528962401e+00	  3.165420308e+00
  3.837500000e-01	  3.446343206e-01	  5.269329184e-01	  6.569252650e+00	  2.466568936e+00	  1.789265308e+01	  1.528962401e+00	  3.165420308e+00
  3.862500000e-01	  3.446343206e-01	  5.269329184e-01	  6.569252650e+00	  2.466568936e+00	  1.789265308e+01	  1.528962401e+00	  3.165420308e+00
  3.887500000e-01	  3.446343206e-01	  5.269329184e-01	  6.569252650e+00	  2.466568936e+00	  1.789265308e+01	  1.528962401e+00	  3.165420308e+00
  3.912500000e-01	  3.446343206e-01	  5.269329184e-01	  6.569252650e+00	  2.466568936e+00	  1.789265308e+01	  1.528962401e+00	  3.165420308e+00
  3.937500000e-01	  3.446343206e-01	  5.269329184e-01	  6.569252650e+00	  2.466568936e+00	  1.789265308e+01	  1.528962401e+00	  3.165420308e+00
  3.962500000e-01	  3.446343206e-01	  5.269329184e-01	  6.569252650e+00	  2.466568936e+00	  1.789265308e+01	  1.528962401e+00	  3.165420308e+00
  3.987500000e-01	  3.446343206e-01	  5.269329184e-01	  6.569252650e+00	  2.466568936e+00	  1.789265308e+01	  1.528962401e+00	  3.165420308e+00
  4.012500000e-01	  3.446343206e-01	  5.269329184e-01	  6.569252650e+00	  2.466568936e+00	  1.789265308e+01	  1.528962401e+00	  3.165420308e+00
  4.037500000e-01	  3.446343206e-01	  5.269329184e-01	  6.569252650e+00	  2.466568936e+00	  1.789265308e+01	  1.528962401e+00	  3.165420308e+00
  4.062500000e-01	  3.446343206e-01	  5.269329184e-01	  6.569252650e+00	  2.466568936e+00	  1.789265308e+01	  1.528962401e+00	  3.165420308e+00
  4.087500000e-01	  3.446343206e-01	  5.269329184e-01	  6.569252650e+00	  2.466568936e+00	  1.789265308e+01	  1.528962401e+00	  3.165420308e+00
  4.112500000e-01	  3.446343206e-01	  5.269329184e-01	  6.569252650e+00	  2.466568936e+00	  1.789265308e+01	  1.528962401e+00	  3.165420308e+00
  4.137500000e-01	  3.446343206e-01	  5.269329184e-01	  6.569252650e+00	  2.466568936e+00	  1.789265308e+01	  1.528962401e+00	  3.165420308e+00
  4.162500000e-01	  3.446343206e-01	  5.269329184e-01	  6.569252650e+00	  2.466568936e+00	  1.789265308e+01	  1.528962401e+00	  3.165420308e+00
  4.187500000e-01	  3.446343206e-01	  5.269329184e-01	  6.569252650e+00	  2.466568936e+00	  1.789265308e+01	  1.528962401e+00	  3.165420308e+00
  4.212500000e-01	  3.446343206e-01	  5.269329184e-01	  6.569252650e+00	  2.466568936e+00	  1.789265308e+01	  1.528962401e+00	  3.165420308e+00
  4.237500000e-01	  3.446343206e-01	  5.269329184e-01	  6.569252650e+00	  2.466568936e+00	  1.789265308e+01	  1.528962401e+00	  3.165420308e+00
  4.262500000e-01	  3.446343206e-01	  5.269329184e-01	  6.569252650e+00	  2.466568936e+00	  1.789265308e+01	  1.528962401e+00	  3.165420308e+00
  4.287500000e-01	  3.446343206e-01	  5.269329184e-01	  6.569252650e+00	  2.466568936e+00	  1.789265308e+01	  1.528962401e+00	  3.165420308e+00
  4.312500000e-01	  3.446343206e-01	  5.269329184e-01	  6.569252650e+00	  2.466568936e+00	  1.789265308e+01	  1.528962401e+00	  3.165420308e+00
  4.337500000e-01	  3.446343206e-01	  5.269329184e-01	  6.569252650e+00	  2.466568936e+00	  1.789265308e+01	  1.528962401e+00	  3.165420308e+00
  4.362500000e-01	  3.446343206e-01	  5.269329184e-01	  6.569252650e+00	  2.466568936e+00	  1.789265308e+01	  1.528962401e+00	  3.165420308e+00
  4.387500000e-01	  3.446343206e-01	  5.269329184e-01	  6.569252650e+00	  2.466568936e+00	  1.789265308e+01	  1.528962401e+00	  3.165420308e+00
  4.412500000e-01	  3.446343206e-01	  5.269329184e-01	  6.569252650e+00	  2.466568936e+00	  1.789265308e+01	  1.528962401e+00	  3.165420308e+00
  4.437500000e-01	  3.446343206e-01	  5.269329184e-01	  6.569252650e+00	  2.466568936e+00	  1.789265308e+01	  1.528962401e+00	  3.165420308e+00
  4.462500000e-01	  3.446343206e-01	  5.269329184e-01	  6.569252650e+00	  2.466568936e+00	  1.789265308e+01	  1.528962401e+00	  3.165420308e+00
  4.487500000e-01	  3.446343206e-01	  5.269329184e-01	  6.569252650e+00	  2.466568936e+00	  1.789265308e+01	  1.528962401e+00	  3.165420308e+00
  4.512500000e-01	  3.446343206e-01	  5.269329184e-01	  6.569252650e+00	  2.466568936e+00	  1.789265308e+01	  1.528962401e+00	  3.165420308e+00
  4.537500000e-01	  3.446343206e-01	  5.269329184e-01	  6.569252650e+00	  2.466568936e+00	  1.789265308e+01	  1.528962401e+00	  3.165420308e+00
  4.562500000e-01	  3.446343206e-01	  5.269329184e-01	  6.569252650e+00	  2.466568936e+00	  1.789265308e+01	  1.528962401e+00	  3.165420308e+00
  4.587500000e-01	  3.446343206e-01	  5.269329184e-01	  6.569252650e+00	  2.466568936e+00	  1.789265308e+01	  1.528962401e+00	  3.165420308e+00
  4.612500000e-01	  3.446343206e-01	  5.269329184e-01	  6.569252650e+00	  2.466568936e+00	  1.789265308e+01	  1.528962401e+00	  3.165420308e+00
  4.637500000e-01	  3.446343206e-01	  5.269329184e-01	  6.569252650e+00	  2.466568936e+00	  1.789265308e+01	  1.528962401e+00	  3.165420308e+00
  4.662500000e-01	  3.446343206e-01	  5.269329184e-01	  6.569252650e+00	  2.466568936e+00	  1.789265308e+01	  1.528962401e+00	  3.165420308e+00
  4.687500000e-01	  3.446343206e-01	  5.269329184e-01	  6.569252650e+00	  2.466568936e+00	  1.789265308e+01	  1.528962401e+00	  3.165420308e+00
  4.712500000e-01	  3.446343206e-01	  5.269329184e-01	  6.569252650e+00	  2.466568936e+00	  1.789265308e+01	  1.528962401e+00	  3.165420308e+00
  4.737500000e-01	  3.446343206e-01	  5.269329184e-01	  6.569252650e+00	  2.466568936e+00	  1.789265308e+01	  1.528962401e+00	  3.165420308e+00
  4.762500000e-01	  3.446343206e-01	  5.269329184e-01	  6.569252650e+00	  2.466568936e+00	  1.789265308e+01	  1.528962401e+00	  3.165420308e+00
  4.787500000e-01	  3.446343206e-01	  5.269329184e-01	  6.569252650e+00	  2.466568936e+00	  1.789265308e+01	  1.528962401e+00	  3.165420308e+00
  4.812500000e-01	  3.446343206e-01	  5.269329184e-01	  6.569252650e+00	  2.466568936e+00	  1.789265308e+01	  1.528962401e+00	  3.165420308e+00
  4.837500000e-01	  3.446343206e-01	  5.269329184e-01	  6.569252650e+00	  2.466568936e+00	  1.789265308e+01	  1.528962401e+00	  3.165420308e+00
  4.862500000e-01	  3.446343206e-01	  5.269329184e-01	  6.569252650e+00	  2.466568936e+00	  1.789265308e+01	  1.528962401e+00	  3.165420308e+00
  4.887500000e-01	  3.446343206e-01	  5.269329184e-01	  6.569252650e+00	  2.466568936e+00	  1.789265308e+01	  1.528962401e+00	  3.165420308e+00
  4.912500000e-01	  3.446343206e-01	  5.269329184e-01	  6.569252650e+00	  2.466568936e+00	  1.789265308e+01	  1.528962401e+00	  3.165420308e+00
  4.937500000e-01	  3.446343206e-01	  5.269329184e-01	  6.569252650e+00	  2.466568936e+00	  1.789265308e+01	  1.528962401e+00	  3.165420308e+00
  4.962500000e-01	  3.446343206e-01	  5.269329184e-01	  6.569252650e+00	  2.466568936e+00	  1.789265308e+01	  1.528962401e+00	  3.165420308e+00
  4.987500000e-01	  3.446343206e-01	  5.269329184e-01	  6.569252650e+00	  2.466568936e+00	  1.789265308e+01	  1.528962401e+00	  3.165420308e+00
  5.012500000e-01	  3.446343206e-01	  5.269329184e-01	  6.569252650e+00	  2.466568936e+00	  1.789265308e+01	  1.528962401e+00	  3.165420308e+00
  5.037500000e-01	  3.446343206e-01	  5.269329184e-01	  6.569252650e+00	  2.466568936e+00	  1.789265308e+01	  1.528962401e+00	  3.165420308e+00
  5.062500000e-01	  3.446343206e-01	  5.269329184e-01	  6.569252650e+00	  2.466568936e+00	  1.789265308e+01	  1.528962401e+00	  3.165420308e+00
  5.087500000e-01	  3.446343206e-01	  5.269329184e-01	  6.569252650e+00	  2.466568936e+00	  1.789265308e+01	  1.528962401e+00	  3.165420308e+00
  5.112500000e-01	  3.446343206e-01	  5.269329184e-01	  6.569252650e+00	  2.466568936e+00	  1.789265308e+01	  1.528962401e+00	  3.165420308e+00
  5.137500000e-01	  3.446343206e-01	  5.269329184e-01	  6.569252650e+00	  2.466568936e+00	  1.789265308e+01	  1.528962401e+00	  3.165420308e+00
  5.162500000e-01	  3.446343206e-01	  5.269329184e-01	  6.569252650e+00	  2.466568936e+00	  1.789265308e+01	  1.528962401e+00	  3.165420308e+00
  5.187500000e-01	  3.446343206e-01	  5.269329184e-01	  6.569252650e+00	  2.466568936e+00	  1.789265308e+01	  1.528962401e+00	  3.165420308e+00
  5.212500000e-01	  3.446343206e-01	  5.269329184e-01	  6.569252650e+00	  2.466568936e+00	  1.789265308e+01	  1.528962401e+00	  3.165420308e+00
  5.237500000e-01	  3.446343206e-01	  5.269329184e-01	  6.569252650e+00	  2.466568936e+00	  1.789265308e+01	  1.528962401e+00	  3.165420308e+00
  5.262500000e-01	  3.446343206e-01	  5.269329184e-01	  6.569252650e+00	  2.466568936e+00	  1.789265308e+01	  1.528962401e+00	  3.165420308e+00
  5.287500000e-01	  3.446343206e-01	  5.269329184e-01	  6.569252650e+00	  2.466568936e+00	  1.789265308e+01	  1.528962401e+00	  3.165420308e+00
  5.312500000e-01	  3.446343206e-01	  5.269329184e-01	  6.569252650e+00	  2.466568936e+00	  1.789265308e+01	  1.528962401e+00	  3.165420308e+00
  5.337500000e-01	  3.446343206e-01	  5.269329184e-01	  6.569252650e+00	  2.466568936e+00	  1.789265308e+01	  1.528962401e+00	  3.165420308e+00
  5.362500000e-01	  3.446343206e-01	  5.269329184e-01	  6.569252650e+00	  2.466568936e+00	  1.789265308e+01	  1.528962401e+00	  3.165420308e+00
  5.387500000e-01	  3.446343206e-01	  5.269329184e-01	  6.569252650e+00	  2.466568936e+00	  1.789265308e+01	  1.528962401e+00	  3.165420308e+00
  5.412500000e-01	  3.446343206e-01	  5.269329184e-01	  6.569252650e+00	  2.466568936e+00	  1.789265308e+01	  1.528962401e+00	  3.165420308e+00
  5.437500000e-01	  3.446343206e-01	  5.269329184e-01	  6.569252650e+00	  2.466568936e+00	  1.789265308e+01	  1.528962401e+00	  3.165420308e+00
  5.462500000e-01	  3.446343206e-01	  5.269329184e-01	  6.569252650e+00	  2.466568936e+00	  1.789265308e+01	  1.528962401e+00	  3.165420308e+00
  5.487500000e-01	  3.446343206e-01	  5.269329184e-01	  6.569252650e+00	  2.466568936e+00	  1.789265308e+01	  1.528962401e+00	  3.165420308e+00
  5.512500000e-01	  3.446343206e-01	  5.269329184e-01	  6.569252650e+00	  2.466568936e+00	  1.789265308e+01	  1.528962401e+00	  3.165420308e+00
  5.537500000e-01	  3.446343206e-01	  5.269329184e-01	  6.569252650e+00	  2.466568936e+00	  1.789265308e+01	  1.528962401e+00	  3.165420308e+00
  5.562500000e-01	  3.446343206e-01	  5.269329184e-01	  6.569252650e+00	  2.466568936e+00	  1.789265308e+01	  1.528962401e+00	  3.165420308e+00
  5.587500000e-01	  3.446343206e-01	  5.269329184e-01	  6.569252650e+00	  2.466568936e+00	  1.789265308e+01	  1.528962401e+00	  3.165420308e+00
  5.612500000e-01	  3.446343206e-01	  5.269329184e-01	  6.569252650e+00	  2.466568936e+00	  1.789265308e+01	  1.528962401e+00	  3.165420308e+00
  5.637500000e-01	  3.446343206e-01	  5.269329184e-01	  6.569252650e+00	  2.466568936e+00	  1.789265308e+01	  1.528962401e+00	  3.165420308e+00
  5.662500000e-01	  3.446343206e-01	  5.269329184e-01	  6.569252650e+00	  2.466568936e+00	  1.789265308e+01	  1.528962401e+00	  3.165420308e+00
  5.687500000e-01	  3.446343206e-01	  5.269329184e-01	  6.569252650e+00	  2.466568936e+00	  1.789265308e+01	  1.528962401e+00	  3.165420308e+00
  5.712500000e-01	  3.446343206e-01	  5.269329184e-01	  6.569252650e+00	  2.466568936e+00	  1.789265308e+01	  1.528962401e+00	  3.165420308e+00
  5.737500000e-01	  3.446343206e-01	  5.269329184e-01	  6.569252650e+00	  2.466568936e+00	  1.789265308e+01	  1.528962401e+00	  3.165420308e+00
  5.762500000e-01	  3.446343206e-01	  5.269329184e-01	  6.569252650e+00	  2.466568936e+00	  1.789265308e+01	  1.528962401e+00	  3.165420308e+00
  5.787500000e-01	  3.446343206e-01	  5.269329184e-01	  6.569252650e+00	  2.466568936e+00	  1.789265308e+01	  1.528962401e+00	  3.165420308e+00
  5.812500000e-01	  3.446343206e-01	  5.269329184e-01	  6.569252650e+00	  2.466568936e+00	  1.789265308e+01	  1.528962401e+00	  3.165420308e+00
  5.837500000e-01	  3.446343206e-01	  5.269329184e-01	  6.569252650e+00	  2.466568936e+00	  1.789265308e+01	  1.528962401e+00	  3.165420308e+00
  5.862500000e-01	  3.446343206e-01	  5.269329184e-01	  6.569252650e+00	  2.466568936e+00	  1.789265308e+01	  1.528962401e+00	  3.165420308e+00
  5.887500000e-01	  3.446343206e-01	  5.269329184e-01	  6.569252650e+00	  2.466568936e+00	  1.789265308e+01	  1.528962401e+00	  3.165420308e+00
  5.912500000e-01	  3.446343206e-01	  5.269329184e-01	  6.569252650e+00	  2.466568936e+00	  1.789265308e+01	  1.528962401e+00	  3.165420308e+00
  5.937500000e-01	  3.446343206e-01	  5.269329184e-01	  6.569252650e+00	  2.466568936e+00	  1.789265308e+01	  1.528962401e+00	  3.165420308e+00
  5.962500000e-01	  3.446343206e-01	  5.269329184e-01	  6.569252650e+00	  2.466568936e+00	  1.789265308e+01	  1.528962401e+00	  3.165420308e+00
  5.987500000e-01	  3.446343206e-01	  5.269329184e-01	  6.569252650e+00	  2.466568936e+00	  1.789265308e+01	  1.528962401e+00	  3.165420308e+00
  6.012500000e-01	  3.446343206e-01	  5.269329184e-01	  6.569252650e+00	  2.466568936e+00	  1.789265308e+01	  1.528962401e+00	  3.165420308e+00
  6.037500000e-01	  3.446343206e-01	  5.269329184e-01	  6.569252650e+00	  2.466568936e+00	  1.789265308e+01	  1.528962401e+00	  3.165420308e+00
  6.062500000e-01	  3.446343206e-01	  5.269329184e-01	  6.569252650e+00	  2.466568936e+00	  1.789265308e+01	  1.528962401e+00	  3.165420308e+00
  6.087500000e-01	  3.446343206e-01	  5.269329184e-01	  6.569252650e+00	  2.466568936e+00	  1.789265308e+01	  1.528962401e+00	  3.165420308e+00
  6.112500000e-01	  3.446343206e-01	  5.269329184e-01	  6.569252650e+00	  2.466568936e+00	  1.789265308e+01	  1.528962401e+00	  3.165420308e+00
  6.137500000e-01	  3.446343206e-01	  5.269329184e-01	  6.569252650e+00	  2.466568936e+00	  1.789265308e+01	  1.528962401e+00	  3.165420308e+00
  6.162500000e-01	  3.446343206e-01	  5.269329184e-01	  6.569252650e+00	  2.466568936e+00	  1.789265308e+01	  1.528962401e+00	  3.165420308e+00
  6.187500000e-01	  3.446343206e-01	  5.269329184e-01	  6.569252650e+00	  2.466568936e+00	  1.789265308e+01	  1.528962401e+00	  3.165420308e+00
  6.212500000e-01	  3.446343206e-01	  5.269329184e-01	  6.569252650e+00	  2.466568936e+00	  1.789265308e+01	  1.528962401e+00	  3.165420308e+00
  6.237500000e-01	  3.446343206e-01	  5.269329184e-01	  6.569252650e+00	  2.466568936e+00	  1.789265308e+01	  1.528962401e+00	  3.165420308e+00
  6.262500000e-01	  3.446343206e-01	  5.269329184e-01	  6.569252650e+00	  2.466568936e+00	  1.789265308e+01	  1.528962401e+00	  3.165420308e+00
  6.287500000e-01	  3.446343206e-01	  5.269329184e-01	  6.569252650e+00	  2.466568936e+00	  1.789265308e+01	  1.528962401e+00	  3.165420308e+00
  6.312500000e-01	  3.446343206e-01	  5.269329184e-01	  6.569252650e+00	  2.466568936e+00	  1.789265308e+01	  1.528962401e+00	  3.165420308e+00
  6.337500000e-01	  3.446343206e-01	  5.269329184e-01	  6.569252650e+00	  2.466568936e+00	  1.789265308e+01	  1.528962401e+00	  3.165420308e+00
  6.362500000e-01	  3.446343206e-01	  5.269329184e-01	  6.569252650e+00	  2.466568936e+00	  1.789265308e+01	  1.528962401e+00	  3.165420308e+00
  6.387500000e-01	  3.446343206e-01	  5.269329184e-01	  6.569252650e+00	  2.466568936e+00	  1.789265308e+01	  1.528962401e+00	  3.165420308e+00
  6.412500000e-01	  3.446343206e-01	  5.269329184e-01	  6.569252650e+00	  2.466568936e+00	  1.789265308e+01	  1.528962401e+00	  3.165420308e+00
  6.437500000e-01	  3.446343206e-01	  5.269329184e-01	  6.569252650e+00	  2.466568936e+00	  1.789265308e+01	  1.528962401e+00	  3.165420308e+00
  6.462500000e-01	  3.446343206e-01	  5.269329184e-01	  6.569252650e+00	  2.466568936e+00	  1.789265308e+01	  1.528962401e+00	  3.165420308e+00
  6.487500000e-01	  3.446343206e-01	  5.269329184e-01	  6.569252650e+00	  2.466568936e+00	  1.789265308e+01	  1.528962401e+00	  3.165420308e+00
  6.512500000e-01	  3.446343206e-01	  5.269329184e-01	  6.569252650e+00	  2.466568936e+00	  1.789265308e+01	  1.528962401e+00	  3.165420308e+00
  6.537500000e-01	  3.446343206e-01	  5.269329184e-01	  6.569252650e+00	  2.466568936e+00	  1.789265308e+01	  1.528962401e+00	  3.165420308e+00
  6.562500000e-01	  3.446343206e-01	  5.269329184e-01	  6.569252650e+00	  2.466568936e+00	  1.789265308e+01	  1.528962401e+00	  3.165420308e+00
  6.587500000e-01	  3.446343206e-01	  5.269329184e-01	  6.569252650e+00	  2.466568936e+00	  1.789265308e+01	  1.528962401e+00	  3.165420308e+00
  6.612500000e-01	  3.446343206e-01	  5.269329184e-01	  6.569252650e+00	  2.466568936e+00	  1.789265308e+01	  1.528962401e+00	  3.165420308e+00
  6.637500000e-01	  3.446343206e-01	  5.269329184e-01	  6.569252650e+00	  2.466568936e+00	  1.789265308e+01	  1.528962401e+00	  3.165420308e+00
  6.662500000e-01	  3.446343206e-01	  5.269329184e-01	  6.569252650e+00	  2.466568936e+00	  1.789265308e+01	  1.528962401e+00	  3.165420308e+00
  6.687500000e-01	  3.446343206e-01	  5.269329184e-01	  6.569252650e+00	  2.466568936e+00	  1.789265308e+01	  1.528962401e+00	  3.165420308e+00
  6.712500000e-01	  3.446343206e-01	  5.269329184e-01	  6.569252650e+00	  2.466568936e+00	  1.789265308e+01	  1.528962401e+00	  3.165420308e+00
  6.737500000e-01	  3.446343206e-01	  5.269329184e-01	  6.569252650e+00	  2.466568936e+00	  1.789265308e+01	  1.528962401e+00	  3.165420308e+00
  6.762500000e-01	  3.446343206e-01	  5.269329184e-01	  6.569252650e+00	  2.466568936e+00	  1.789265308e+01	  1.528962401e+00	  3.165420308e+00
  6.787500000e-01	  3.446343206e-01	  5.269329184e-01	  6.569252650e+00	  2.466568936e+00	  1.789265308e+01	  1.528962401e+00	  3.165420308e+00
  6.812500000e-01	  3.446343206e-01	  5.269329184e-01	  6.569252650e+00	  2.466568936e+00	  1.789265308e+01	  1.528962401e+00	  3.165420308e+00
  6.837500000e-01	  3.446343206e-01	  5.269329184e-01	  6.569252650e+00	  2.466568936e+00	  1.789265308e+01	  1.528962401e+00	  3.165420308e+00
  6.862500000e-01	  3.446343206e-01	  5.269329184e-01	  6.569252650e+00	  2.466568936e+00	  1.789265308e+01	  1.528962401e+00	  3.165420308e+00
  6.887500000e-01	  3.446343206e-01	  5.269329184e-01	  6.569252650e+00	  2.466568936e+00	  1.789265308e+01	  1.528962401e+00	  3.165420308e+00
  6.912500000e-01	  3.446343206e-01	  5.269329184e-01	  6.569252650e+00	  2.466568936e+00	  1.789265308e+01	  1.528962401e+00	  3.165420308e+00
  6.937500000e-01	  3.446343206e-01	  5.269329184e-01	  6.569252650e+00	  2.466568936e+00	  1.789265308e+01	  1.528962401e+00	  3.165420308e+00
  6.962500000e-01	  3.446343206e-01	  5.269329184e-01	  6.569252650e+00	  2.466568936e+00	  1.789265308e+01	  1.528962401e+00	  3.165420308e+00
  6.987500000e-01	  3.446343206e-01	  5.269329184e-01	  6.569252650e+00	  2.466568936e+00	  1.789265308e+01	  1.528962401e+00	  3.165420308e+00
  7.012500000e-01	  3.446343206e-01	  5.269329184e-01	  6.569252650e+00	  2.466568936e+00	  1.789265308e+01	  1.528962401e+00	  3.165420308e+00
  7.037500000e-01	  3.446343206e-01	  5.269329184e-01	  6.569252650e+00	  2.466568936e+00	  1.789265308e+01	  1.528962401e+00	  3.165420308e+00
  7.062500000e-01	  3.446343206e-01	  5.269329184e-01	  6.569252650e+00	  2.466568936e+00	  1.789265308e+01	  1.528962401e+00	  3.165420308e+00
  7.087500000e-01	  3.446343206e-01	  5.269329184e-01	  6.569252650e+00	  2.466568936e+00	  1.789265308e+01	  1.528962401e+00	  3.165420308e+00
  7.112500000e-01	  3.446343206e-01	  5.269329184e-01	  6.569252650e+00	  2.466568936e+00	  1.789265308e+01	  1.528962401e+00	  3.165420308e+00
  7.137500000e-01	  3.446343206e-01	  5.269329184e-01	  6.569252650e+00	  2.466568936e+00	  1.789265308e+01	  1.528962401e+00	  3.165420308e+00
  7.162500000e-01	  3.446343206e-01	  5.269329184e-01	  6.569252650e+00	  2.466568936e+00	  1.789265308e+01	  1.528962401e+00	  3.165420308e+00
  7.187500000e-01	  3.446343206e-01	  5.269329184e-01	  6.569252650e+00	  2.466568936e+00	  1.789265308e+01	  1.528962401e+00	  3.165420308e+00
  7.212500000e-01	  3.446343206e-01	  5.269329184e-01	  6.569252650e+00	  2.466568936e+00	  1.789265308e+01	  1.528962401e+00	  3.165420308e+00
  7.237500000e-01	  3.446343206e-01	  5.269329184e-01	  6.569252650e+00	  2.466568936e+00	  1.789265308e+01	  1.528962401e+00	  3.165420308e+00
  7.262500000e-01	  3.446343206e-01	  5.269329184e-01	  6.569252650e+00	  2.466568936e+00	  1.789265308e+01	  1.528962401e+00	  3.165420308e+00
  7.287500000e-01	  3.446343206e-01	  5.269329184e-01	  6.569252650e+00	  2.466568936e+00	  1.789265308e+01	  1.528962401e+00	  3.165420308e+00
  7.312500000e-01	  3.446343206e-01	  5.269329184e-01	  6.569252650e+00	  2.466568936e+00	  1.789265308e+01	  1.528962401e+00	  3.165420308e+00
  7.337500000e-01	  3.446343206e-01	  5.269329184e-01	  6.569252650e+00	  2.466568936e+00	  1.789265308e+01	  1.528962401e+00	  3.165420308e+00
  7.362500000e-01	  3.446343206e-01	  5.269329184e-01	  6.569252650e+00	  2.466568936e+00	  1.789265308e+01	  1.528962401e+00	  3.165420308e+00
  7.387500000e-01	  3.446343206e-01	  5.269329184e-01	  6.569252650e+00	  2.466568936e+00	  1.789265308e+01	  1.528962401e+00	  3.165420308e+00
  7.412500000e-01	  3.446343206e-01	  5.269329184e-01	  6.569252650e+00	  2.466568936e+00	  1.789265308e+01	  1.528962401e+00	  3.165420308e+00
  7.437500000e-01	  3.446343206e-01	  5.269329184e-01	  6.569252650e+00	  2.466568936e+00	  1.789265308e+01	  1.528962401e+00	  3.165420308e+00
  7.462500000e-01	  1.304220093e+00	  1.994103485e+00	  7.690876966e+00	  2.466568936e+00	  4.728053471e+00	  1.528962401e+00	  1.627178522e+00
  7.487500000e-01	  1.304220093e+00	  1.994103485e+00	  7.690876966e+00	  2.466568936e+00	  4.728053471e+00	  1.528962401e+00	  1.627178522e+00
  7.512500000e-01	  1.304220093e+00	  1.994103485e+00	  7.690876966e+00	  2.466568936e+00	  4.728053471e+00	  1.528962401e+00	  1.627178522e+00
  7.537500000e-01	  1.304220093e+00	  1.994103485e+00	  7.690876966e+00	  2.466568936e+00	  4.728053471e+00	  1.528962401e+00	  1.627178522e+00
  7.562500000e-01	  1.304220093e+00	  1.994103485e+00	  7.690876966e+00	  2.466568936e+00	  4.728053471e+00	  1.528962401e+00	  1.627178522e+00
  7.587500000e-01	  1.304220093e+00	  1.994103485e+00	  7.690876966e+00	  2.466568936e+00	  4.728053471e+00	  1.528962401e+00	  1.627178522e+00
  7.612500000e-01	  1.304220093e+00	  1.994103485e+00	  7.690876966e+00	  2.466568936e+00	  4.728053471e+00	  1.528962401e+00	  1.627178522e+00
  7.637500000e-01	  1.304220093e+00	  1.994103485e+00	  7.690876966e+00	  2.466568936e+00	  4.728053471e+00	  1.528962401e+00	  1.627178522e+00
  7.662500000e-01	  1.304220093e+00	  1.994103485e+00	  7.690876966e+00	  2.466568936e+00	  4.728053471e+00	  1.528962401e+00	  1.627178522e+00
  7.687500000e-01	  1.304220093e+00	  1.994103485e+00	  7.690876966e+00	  2.466568936e+00	  4.728053471e+00	  1.528962401e+00	  1.627178522e+00
  7.712500000e-01	  1.304220093e+00	  1.994103485e+00	  7.690876966e+00	  2.466568936e+00	  4.728053471e+00	  1.528962401e+00	  1.627178522e+00
  7.737500000e-01	  1.304220093e+00	  1.994103485e+00	  7.690876966e+00	  2.466568936e+00	  4.728053471e+00	  1.528962401e+00	  1.627178522e+00
  7.762500000e-01	  1.304220093e+00	  1.994103485e+00	  7.690876966e+00	  2.466568936e+00	  4.728053471e+00	  1.528962401e+00	  1.627178522e+00
  7.787500000e-01	  1.304220093e+00	  1.994103485e+00	  7.690876966e+00	  2.466568936e+00	  4.728053471e+00	  1.528962401e+00	  1.627178522e+00
  7.812500000e-01	  1.304220093e+00	  1.994103485e+00	  7.690876966e+00	  2.466568936e+00	  4.728053471e+00	  1.528962401e+00	  1.627178522e+00
  7.837500000e-01	  1.304220093e+00	  1.994103485e+00	  7.690876966e+00	  2.466568936e+00	  4.728053471e+00	  1.528962401e+00	  1.627178522e+00
  7.862500000e-01	  1.304220093e+00	  1.994103485e+00	  7.690876966e+00	  2.466568936e+00	  4.728053471e+00	  1.528962401e+00	  1.627178522e+00
  7.887500000e-01	  1.304220093e+00	  1.994103485e+00	  7.690876966e+00	  2.466568936e+00	  4.728053471e+00	  1.528962401e+00	  1.627178522e+00
  7.912500000e-01	  1.304220093e+00	  1.994103485e+00	  7.690876966e+00	  2.466568936e+00	  4.728053471e+00	  1.528962401e+00	  1.627178522e+00
  7.937500000e-01	  1.304220093e+00	  1.994103485e+00	  7.690876966e+00	  2.466568936e+00	  4.728053471e+00	  1.528962401e+00	  1.627178522e+00
  7.962500000e-01	  1.304220093e+00	  1.994103485e+00	  7.690876966e+00	  2.466568936e+00	  4.728053471e+00	  1.528962401e+00	  1.627178522e+00
  7.987500000e-01	  1.304220093e+00	  1.994103485e+00	  7.690876966e+00	  2.466568936e+00	  4.728053471e+00	  1.528962401e+00	  1.627178522e+00
  8.012500000e-01	  1.304220093e+00	  1.994103485e+00	  7.690876966e+00	  2.466568936e+00	  4.728053471e+00	  1.528962401e+00	  1.627178522e+00
  8.037500000e-01	  1.304220093e+00	  1.994103485e+00	  7.690876966e+00	  2.466568936e+00	  4.728053471e+00	  1.528962401e+00	  1.627178522e+00
  8.062500000e-01	  1.304220093e+00	  1.994103485e+00	  7.690876966e+00	  2.466568936e+00	  4.728053471e+00	  1.528962401e+00	  1.627178522e+00
  8.087500000e-01	  1.304220093e+00	  1.994103485e+00	  7.690876966e+00	  2.466568936e+00	  4.728053471e+00	  1.528962401e+00	  1.627178522e+00
  8.112500000e-01	  1.304220093e+00	  1.994103485e+00	  7.690876966e+00	  2.466568936e+00	  4.728053471e+00	  1.528962401e+00	  1.627178522e+00
  8.137500000e-01	  1.304220093e+00	  1.994103485e+00	  7.690876966e+00	  2.466568936e+00	  4.728053471e+00	  1.528962401e+00	  1.627178522e+00
  8.162500000e-01	  1.304220093e+00	  1.994103485e+00	  7.690876966e+00	  2.466568936e+00	  4.728053471e+00	  1.528962401e+00	  1.627178522e+00
  8.187500000e-01	  1.304220093e+00	  1.994103485e+00	  7.690876966e+00	  2.466568936e+00	  4.728053471e+00	  1.528962401e+00	  1.627178522e+00
  8.212500000e-01	  1.304220093e+00	  1.994103485e+00	  7.690876966e+00	  2.466568936e+00	  4.728053471e+00	  1.528962401e+00	  1.627178522e+00
  8.237500000e-01	  1.304220093e+00	  1.994103485e+00	  7.690876966e+00	  2.466568936e+00	  4.728053471e+00	  1.528962401e+00	  1.627178522e+00
  8.262500000e-01	  1.304220093e+00	  1.994103485e+00	  7.690876966e+00	  2.466568936e+00	  4.728053471e+00	  1.528962401e+00	  1.627178522e+00
  8.287500000e-01	  1.304220093e+00	  1.994103485e+00	  7.690876966e+00	  2.466568936e+00	  4.728053471e+00	  1.528962401e+00	  1.627178522e+00
  8.312500000e-01	  1.304220093e+00	  1.994103485e+00	  7.690876966e+00	  2.466568936e+00	  4.728053471e+00	  1.528962401e+00	  1.627178522e+00
  8.337500000e-01	  1.304220093e+00	  1.994103485e+00	  7.690876966e+00	  2.466568936e+00	  4.728053471e+00	  1.528962401e+00	  1.627178522e+00
  8.362500000e-01	  1.304220093e+00	  1.994103485e+00	  7.690876966e+00	  2.466568936e+00	  4.728053471e+00	  1.528962401e+00	  1.627178522e+00
  8.387500000e-01	  1.304220093e+00	  1.994103485e+00	  7.690876966e+00	  2.466568936e+00	  4.728053471e+00	  1.528962401e+00	  1.627178522e+00
  8.412500000e-01	  1.304220093e+00	  1.994103485e+00	  7.690876966e+00	  2.466568936e+00	  4.728053471e+00	  1.528962401e+00	  1.627178522e+00
  8.437500000e-01	  1.304220093e+00	  1.994103485e+00	  7.690876966e+00	  2.466568936e+00	  4.728053471e+00	  1.528962401e+00	  1.627178522e+00
  8.462500000e-01	  1.304220093e+00	  1.994103485e+00	  7.690876966e+00	  2.466568936e+00	  4.728053471e+00	  1.528962401e+00	  1.627178522e+00
  8.487500000e-01	  1.304220093e+00	  1.994103485e+00	  7.690876966e+00	  2.466568936e+00	  4.728053471e+00	  1.528962401e+00	  1.627178522e+00
  8.512500000e-01	  1.304220093e+00	  1.994103485e+00	  7.690876966e+00	  2.466568936e+00	  4.728053471e+00	  1.528962401e+00	  1.627178522e+00
  8.537500000e-01	  1.304220093e+00	  1.994103485e+00	  7.690876966e+00	  2.466568936e+00	  4.728053471e+00	  1.528962401e+00	  1.627178522e+00
  8.562500000e-01	  1.304220093e+00	  1.994103485e+00	  7.690876966e+00	  2.466568936e+00	  4.728053471e+00	  1.528962401e+00	  1.627178522e+00
  8.587500000e-01	  1.304220093e+00	  1.994103485e+00	  7.690876966e+00	  2.466568936e+00	  4.728053471e+00	  1.528962401e+00	  1.627178522e+00
  8.612500000e-01	  1.304220093e+00	  1.994103485e+00	  7.690876966e+00	  2.466568936e+00	  4.728053471e+00	  1.528962401e+00	  1.627178522e+00
  8.637500000e-01	  1.304220093e+00	  1.994103485e+00	  7.690876966e+00	  2.466568936e+00	  4.728053471e+00	  1.528962401e+00	  1.627178522e+00
  8.662500000e-01	  1.304220093e+00	  1.994103485e+00	  7.690876966e+00	  2.466568936e+00	  4.728053471e+00	  1.528962401e+00	  1.627178522e+00
  8.687500000e-01	  1.304220093e+00	  1.994103485e+00	  7.690876966e+00	  2.466568936e+00	  4.728053471e+00	  1.528962401e+00	  1.627178522e+00
  8.712500000e-01	  1.304220093e+00	  1.994103485e+00	  7.690876966e+00	  2.466568936e+00	  4.728053471e+00	  1.528962401e+00	  1.627178522e+00
  8.737500000e-01	  1.304220093e+00	  1.994103485e+00	  7.690876966e+00	  2.466568936e+00	  4.728053471e+00	  1.528962401e+00	  1.627178522e+00
  8.762500000e-01	  1.304220093e+00	  1.994103485e+00	  7.690876966e+00	  2.466568936e+00	  4.728053471e+00	  1.528962401e+00	  1.627178522e+00
  8.787500000e-01	  1.304220093e+00	  1.994103485e+00	  7.690876966e+00	  2.466568936e+00	  4.728053471e+00	  1.528962401e+00	  1.627178522e+00
  8.812500000e-01	  1.304220093e+00	  1.994103485e+00	  7.690876966e+00	  2.466568936e+00	  4.728053471e+00	  1.528962401e+00	  1.627178522e+00
  8.837500000e-01	  1.304220093e+00	  1.994103485e+00	  7.690876966e+00	  2.466568936e+00	  4.728053471e+00	  1.528962401e+00	  1.627178522e+00
  8.862500000e-01	  1.304220093e+00	  1.994103485e+00	  7.690876966e+00	  2.466568936e+00	  4.728053471e+00	  1.528962401e+00	  1.627178522e+00
  8.887500000e-01	  1.304220093e+00	  1.994103485e+00	  7.690876966e+00	  2.466568936e+00	  4.728053471e+00	  1.528962401e+00	  1.627178522e+00
  8.912500000e-01	  1.304220093e+00	  1.994103485e+00	  7.690876966e+00	  2.466568936e+00	  4.728053471e+00	  1.528962401e+00	  1.627178522e+00
  8.937500000e-01	  1.304220093e+00	  1.994103485e+00	  7.690876966e+00	  2.466568936e+00	  4.728053471e+00	  1.528962401e+00	  1.627178522e+00
  8.962500000e-01	  1.304220093e+00	  1.994103485e+00	  7.690876966e+00	  2.466568936e+00	  4.728053471e+00	  1.528962401e+00	  1.627178522e+00
  8.987500000e-01	  5.000000000e-01	  0.000000000e+00	  1.427500000e+00	  5.710000000e-01	  2.855000000e+00	  0.000000000e+00	  1.264436633e+00
  9.012500000e-01	  5.000000000e-01	  0.000000000e+00	  1.427500000e+00	  5.710000000e-01	  2.855000000e+00	  0.000000000e+00	  1.264436633e+00
  9.037500000e-01	  5.000000000e-01	  0.000000000e+00	  1.427500000e+00	  5.710000000e-01	  2.855000000e+00	  0.000000000e+00	  1.264436633e+00
  9.062500000e-01	  5.000000000e-01	  0.000000000e+00	  1.427500000e+00	  5.710000000e-01	  2.855000000e+00	  0.000000000e+00	  1.264436633e+00
  9.087500000e-01	  5.000000000e-01	  0.000000000e+00	  1.427500000e+00	  5.710000000e-01	  2.855000000e+00	  0.000000000e+00	  1.264436633e+00
  9.112500000e-01	  5.000000000e-01	  0.000000000e+00	  1.427500000e+00	  5.710000000e-01	  2.855000000e+00	  0.000000000e+00	  1.264436633e+00
  9.137500000e-01	  5.000000000e-01	  0.000000000e+00	  1.427500000e+00	  5.710000000e-01	  2.855000000e+00	  0.000000000e+00	  1.264436633e+00
  9.162500000e-01	  5.000000000e-01	  0.000000000e+00	  1.427500000e+00	  5.710000000e-01	  2.855000000e+00	  0.000000000e+00	  1.264436633e+00
  9.187500000e-01	  5.000000000e-01	  0.000000000e+00	  1.427500000e+00	  5.710000000e-01	  2.855000000e+00	  0.000000000e+00	  1.264436633e+00
  9.212500000e-01	  5.000000000e-01	  0.000000000e+00	  1.427500000e+00	  5.710000000e-01	  2.855000000e+00	  0.000000000e+00	  1.264436633e+00
  9.237500000e-01	  5.000000000e-01	  0.000000000e+00	  1.427500000e+00	  5.710000000e-01	  2.855000000e+00	  0.000000000e+00	  1.264436633e+00
  9.262500000e-01	  5.000000000e-01	  0.000000000e+00	  1.427500000e+00	  5.710000000e-01	  2.855000000e+00	  0.000000000e+00	  1.264436633e+00
  9.287500000e-01	  5.000000000e-01	  0.000000000e+00	  1.427500000e+00	  5.710000000e-01	  2.855000000e+00	  0.000000000e+00	  1.264436633e+00
  9.312500000e-01	  5.000000000e-01	  0.000000000e+00	  1.427500000e+00	  5.710000000e-01	  2.855000000e+00	  0.000000000e+00	  1.264436633e+00
  9.337500000e-01	  5.000000000e-01	  0.000000000e+00	  1.427500000e+00	  5.710000000e-01	  2.855000000e+00	  0.000000000e+00	  1.264436633e+00
  9.362500000e-01	  5.000000000e-01	  0.000000000e+00	  1.427500000e+00	  5.710000000e-01	  2.855000000e+00	  0.000000000e+00	  1.264436633e+00
  9.387500000e-01	  5.000000000e-01	  0.000000000e+00	  1.427500000e+00	  5.710000000e-01	  2.855000000e+00	  0.000000000e+00	  1.264436633e+00
  9.412500000e-01	  5.000000000e-01	  0.000000000e+00	  1.427500000e+00	  5.710000000e-01	  2.855000000e+00	  0.000000000e+00	  1.264436633e+00
  9.437500000e-01	  5.000000000e-01	  0.000000000e+00	  1.427500000e+00	  5.710000000e-01	  2.855000000e+00	  0.000000000e+00	  1.264436633e+00
  9.462500000e-01	  5.000000000e-01	  0.000000000e+00	  1.427500000e+00	  5.710000000e-01	  2.855000000e+00	  0.000000000e+00	  1.264436633e+00
  9.487500000e-01	  5.000000000e-01	  0.000000000e+00	  1.427500000e+00	  5.710000000e-01	  2.855000000e+00	  0.000000000e+00	  1.264436633e+00
  9.512500000e-01	  5.000000000e-01	  0.000000000e+00	  1.427500000e+00	  5.710000000e-01	  2.855000000e+00	  0.000000000e+00	  1.264436633e+00
  9.537500000e-01	  5.000000000e-01	  0.000000000e+00	  1.427500000e+00	  5.710000000e-01	  2.855000000e+00	  0.000000000e+00	  1.264436633e+00
  9.562500000e-01	  5.000000000e-01	  0.000000000e+00	  1.427500000e+00	  5.710000000e-01	  2.855000000e+00	  0.000000000e+00	  1.264436633e+00
  9.587500000e-01	  5.000000000e-01	  0.000000000e+00	  1.427500000e+00	  5.710000000e-01	  2.855000000e+00	  0.000000000e+00	  1.264436633e+00
  9.612500000e-01	  5.000000000e-01	  0.000000000e+00	  1.427500000e+00	  5.710000000e-01	  2.855000000e+00	  0.000000000e+00	  1.264436633e+00
  9.637500000e-01	  5.000000000e-01	  0.000000000e+00	  1.427500000e+00	  5.710000000e-01	  2.855000000e+00	  0.000000000e+00	  1.264436633e+00
  9.662500000e-01	  5.000000000e-01	  0.000000000e+00	  1.427500000e+00	  5.710000000e-01	  2.855000000e+00	  0.000000000e+00	  1.264436633e+00
  9.687500000e-01	  5.000000000e-01	  0.000000000e+00	  1.427500000e+00	  5.710000000e-01	  2.855000000e+00	  0.000000000e+00	  1.264436633e+00
  9.712500000e-01	  5.000000000e-01	  0.000000000e+00	  1.427500000e+00	  5.710000000e-01	  2.855000000e+00	  0.000000000e+00	  1.264436633e+00
  9.737500000e-01	  5.000000000e-01	  0.000000000e+00	  1.427500000e+00	  5.710000000e-01	  2.855000000e+00	  0.000000000e+00	  1.264436633e+00
  9.762500000e-01	  5.000000000e-01	  0.000000000e+00	  1.427500000e+00	  5.710000000e-01	  2.855000000e+00	  0.000000000e+00	  1.264436633e+00
  9.787500000e-01	  5.000000000e-01	  0.000000000e+00	  1.427500000e+00	  5.710000000e-01	  2.855000000e+00	  0.000000000e+00	  1.264436633e+00
  9.812500000e-01	  5.000000000e-01	  0.000000000e+00	  1.427500000e+00	  5.710000000e-01	  2.855000000e+00	  0.000000000e+00	  1.264436633e+00
  9.837500000e-01	  5.000000000e-01	  0.000000000e+00	  1.427500000e+00	  5.710000000e-01	  2.855000000e+00	  0.000000000e+00	  1.264436633e+00
  9.862500000e-01	  5.000000000e-01	  0.000000000e+00	  1.427500000e+00	  5.710000000e-01	  2.855000000e+00	  0.000000000e+00	  1.264436633e+00
  9.887500000e-01	  5.000000000e-01	  0.000000000e+00	  1.427500000e+00	  5.710000000e-01	  2.855000000e+00	  0.000000000e+00	  1.264436633e+00
  9.912500000e-01	  5.000000000e-01	  0.000000000e+00	  1.427500000e+00	  5.710000000e-01	  2.855000000e+00	  0.000000000e+00	  1.264436633e+00
  9.937500000e-01	  5.000000000e-01	  0.000000000e+00	  1.427500000e+00	  5.710000000e-01	  2.855000000e+00	  0.000000000e+00	  1.264436633e+00
  9.962500000e-01	  5.000000000e-01	  0.000000000e+00	  1.427500000e+00	  5.710000000e-01	  2.855000000e+00	  0.000000000e+00	  1.264436633e+00
  9.987500000e-01	  5.000000000e-01	  0.000000000e+00	  1.427500000e+00	  5.710000000e-01	  2.855000000e+00	  0.000000000e+00	  1.264436633e+00
