# Exact Riemann solution for problem:	Toro-6
# Discretization:	zonal
# Domain bounds:	0.00000e+00	1.00000e+00
# Iterface position:	5.00000e-01
# Gamma:	1.40000e+00
# Left  state [dens,velx,pres]:	1.40000e+00	0.00000e+00	1.00000e+00
# Right state [dens,velx,pres]:	1.00000e+00	0.00000e+00	1.00000e+00
# Time:	2.00000e+00
                x	    dens [$\rho$]	      mom [$\mu$]	   e [$\epsilon$]	       pres [$p$]	             eint	       velx [$v$]	             cspd
  1.250000000e-03	  1.400000000e+00	  0.000000000e+00	  2.500000000e+00	  1.000000000e+00	  1.785714286e+00	  0.000000000e+00	  1.000000000e+00
  3.750000000e-03	  1.400000000e+00	  0.000000000e+00	  2.500000000e+00	  1.000000000e+00	  1.785714286e+00	  0.000000000e+00	  1.000000000e+00
  6.250000000e-03	  1.400000000e+00	  0.000000000e+00	  2.500000000e+00	  1.000000000e+00	  1.785714286e+00	  0.000000000e+00	  1.000000000e+00
  8.750000000e-03	  1.400000000e+00	  0.000000000e+00	  2.500000000e+00	  1.000000000e+00	  1.785714286e+00	  0.000000000e+00	  1.000000000e+00
  1.125000000e-02	  1.400000000e+00	  0.000000000e+00	  2.500000000e+00	  1.000000000e+00	  1.785714286e+00	  0.000000000e+00	  1.000000000e+00
  1.375000000e-02	  1.400000000e+00	  0.000000000e+00	  2.500000000e+00	  1.000000000e+00	  1.785714286e+00	  0.000000000e+00	  1.000000000e+00
  1.625000000e-02	  1.400000000e+00	  0.000000000e+00	  2.500000000e+00	  1.000000000e+00	  1.785714286e+00	  0.000000000e+00	  1.000000000e+00
  1.875000000e-02	  1.400000000e+00	  0.000000000e+00	  2.500000000e+00	  1.000000000e+00	  1.785714286e+00	  0.000000000e+00	  1.000000000e+00
  2.125000000e-02	  1.400000000e+00	  0.000000000e+00	  2.500000000e+00	  1.000000000e+00	  1.785714286e+00	  0.000000000e+00	  1.000000000e+00
  2.375000000e-02	  1.400000000e+00	  0.000000000e+00	  2.500000000e+00	  1.000000000e+00	  1.785714286e+00	  0.000000000e+00	  1.000000000e+00
  2.625000000e-02	  1.400000000e+00	  0.000000000e+00	  2.500000000e+00	  1.000000000e+00	  1.785714286e+00	  0.000000000e+00	  1.000000000e+00
  2.875000000e-02	  1.400000000e+00	  0.000000000e+00	  2.500000000e+00	  1.000000000e+00	  1.785714286e+00	  0.000000000e+00	  1.000000000e+00
  3.125000000e-02	  1.400000000e+00	  0.000000000e+00	  2.500000000e+00	  1.000000000e+00	  1.785714286e+00	  0.000000000e+00	  1.000000000e+00
  3.375000000e-02	  1.400000000e+00	  0.000000000e+00	  2.500000000e+00	  1.000000000e+00	  1.785714286e+00	  0.000000000e+00	  1.000000000e+00
  3.625000000e-02	  1.400000000e+00	  0.000000000e+00	  2.500000000e+00	  1.000000000e+00	  1.785714286e+00	  0.000000000e+00	  1.000000000e+00
  3.875000000e-02	  1.400000000e+00	  0.000000000e+00	  2.500000000e+00	  1.000000000e+00	  1.785714286e+00	  0.000000000e+00	  1.000000000e+00
  4.125000000e-02	  1.400000000e+00	  0.000000000e+00	  2.500000000e+00	  1.000000000e+00	  1.785714286e+00	  0.000000000e+00	  1.000000000e+00
  4.375000000e-02	  1.400000000e+00	  0.000000000e+00	  2.500000000e+00	  1.000000000e+00	  1.785714286e+00	  0.000000000e+00	  1.000000000e+00
  4.625000000e-02	  1.400000000e+00	  0.000000000e+00	  2.500000000e+00	  1.000000000e+00	  1.785714286e+00	  0.000000000e+00	  1.000000000e+00
  4.875000000e-02	  1.400000000e+00	  0.000000000e+00	  2.500000000e+00	  1.000000000e+00	  1.785714286e+00	  0.000000000e+00	  1.000000000e+00
  5.125000000e-02	  1.400000000e+00	  0.000000000e+00	  2.500000000e+00	  1.000000000e+00	  1.785714286e+00	  0.000000000e+00	  1.000000000e+00
  5.375000000e-02	  1.400000000e+00	  0.000000000e+00	  2.500000000e+00	  1.000000000e+00	  1.785714286e+00	  0.000000000e+00	  1.000000000e+00
  5.625000000e-02	  1.400000000e+00	  0.000000000e+00	  2.500000000e+00	  1.000000000e+00	  1.785714286e+00	  0.000000000e+00	  1.000000000e+00
  5.875000000e-02	  1.400000000e+00	  0.000000000e+00	  2.500000000e+00	  1.000000000e+00	  1.785714286e+00	  0.000000000e+00	  1.000000000e+00
  6.125000000e-02	  1.400000000e+00	  0.000000000e+00	  2.500000000e+00	  1.000000000e+00	  1.785714286e+00	  0.000000000e+00	  1.000000000e+00
  6.375000000e-02	  1.400000000e+00	  0.000000000e+00	  2.500000000e+00	  1.000000000e+00	  1.785714286e+00	  0.000000000e+00	  1.000000000e+00
  6.625000000e-02	  1.400000000e+00	  0.000000000e+00	  2.500000000e+00	  1.000000000e+00	  1.785714286e+00	  0.000000000e+00	  1.000000000e+00
  6.875000000e-02	  1.400000000e+00	  0.000000000e+00	  2.500000000e+00	  1.000000000e+00	  1.785714286e+00	  0.000000000e+00	  1.000000000e+00
  7.125000000e-02	  1.400000000e+00	  0.000000000e+00	  2.500000000e+00	  1.000000000e+00	  1.785714286e+00	  0.000000000e+00	  1.000000000e+00
  7.375000000e-02	  1.400000000e+00	  0.000000000e+00	  2.500000000e+00	  1.000000000e+00	  1.785714286e+00	  0.000000000e+00	  1.000000000e+00
  7.625000000e-02	  1.400000000e+00	  0.000000000e+00	  2.500000000e+00	  1.000000000e+00	  1.785714286e+00	  0.000000000e+00	  1.000000000e+00
  7.875000000e-02	  1.400000000e+00	  0.000000000e+00	  2.500000000e+00	  1.000000000e+00	  1.785714286e+00	  0.000000000e+00	  1.000000000e+00
  8.125000000e-02	  1.400000000e+00	  0.000000000e+00	  2.500000000e+00	  1.000000000e+00	  1.785714286e+00	  0.000000000e+00	  1.000000000e+00
  8.375000000e-02	  1.400000000e+00	  0.000000000e+00	  2.500000000e+00	  1.000000000e+00	  1.785714286e+00	  0.000000000e+00	  1.000000000e+00
  8.625000000e-02	  1.400000000e+00	  0.000000000e+00	  2.500000000e+00	  1.000000000e+00	  1.785714286e+00	  0.000000000e+00	  1.000000000e+00
  8.875000000e-02	  1.400000000e+00	  0.000000000e+00	  2.500000000e+00	  1.000000000e+00	  1.785714286e+00	  0.000000000e+00	  1.000000000e+00
  9.125000000e-02	  1.400000000e+00	  0.000000000e+00	  2.500000000e+00	  1.000000000e+00	  1.785714286e+00	  0.000000000e+00	  1.000000000e+00
  9.375000000e-02	  1.400000000e+00	  0.000000000e+00	  2.500000000e+00	  1.000000000e+00	  1.785714286e+00	  0.000000000e+00	  1.000000000e+00
  9.625000000e-02	  1.400000000e+00	  0.000000000e+00	  2.500000000e+00	  1.000000000e+00	  1.785714286e+00	  0.000000000e+00	  1.000000000e+00
  9.875000000e-02	  1.400000000e+00	  0.000000000e+00	  2.500000000e+00	  1.000000000e+00	  1.785714286e+00	  0.000000000e+00	  1.000000000e+00
  1.012500000e-01	  1.400000000e+00	  0.000000000e+00	  2.500000000e+00	  1.000000000e+00	  1.785714286e+00	  0.000000000e+00	  1.000000000e+00
  1.037500000e-01	  1.400000000e+00	  0.000000000e+00	  2.500000000e+00	  1.000000000e+00	  1.785714286e+00	  0.000000000e+00	  1.000000000e+00
  1.062500000e-01	  1.400000000e+00	  0.000000000e+00	  2.500000000e+00	  1.000000000e+00	  1.785714286e+00	  0.000000000e+00	  1.000000000e+00
  1.087500000e-01	  1.400000000e+00	  0.000000000e+00	  2.500000000e+00	  1.000000000e+00	  1.785714286e+00	  0.000000000e+00	  1.000000000e+00
  1.112500000e-01	  1.400000000e+00	  0.000000000e+00	  2.500000000e+00	  1.000000000e+00	  1.785714286e+00	  0.000000000e+00	  1.000000000e+00
  1.137500000e-01	  1.400000000e+00	  0.000000000e+00	  2.500000000e+00	  1.000000000e+00	  1.785714286e+00	  0.000000000e+00	  1.000000000e+00
  1.162500000e-01	  1.400000000e+00	  0.000000000e+00	  2.500000000e+00	  1.000000000e+00	  1.785714286e+00	  0.000000000e+00	  1.000000000e+00
  1.187500000e-01	  1.400000000e+00	  0.000000000e+00	  2.500000000e+00	  1.000000000e+00	  1.785714286e+00	  0.000000000e+00	  1.000000000e+00
  1.212500000e-01	  1.400000000e+00	  0.000000000e+00	  2.500000000e+00	  1.000000000e+00	  1.785714286e+00	  0.000000000e+00	  1.000000000e+00
  1.237500000e-01	  1.400000000e+00	  0.000000000e+00	  2.500000000e+00	  1.000000000e+00	  1.785714286e+00	  0.000000000e+00	  1.000000000e+00
  1.262500000e-01	  1.400000000e+00	  0.000000000e+00	  2.500000000e+00	  1.000000000e+00	  1.785714286e+00	  0.000000000e+00	  1.000000000e+00
  1.287500000e-01	  1.400000000e+00	  0.000000000e+00	  2.500000000e+00	  1.000000000e+00	  1.785714286e+00	  0.000000000e+00	  1.000000000e+00
  1.312500000e-01	  1.400000000e+00	  0.000000000e+00	  2.500000000e+00	  1.000000000e+00	  1.785714286e+00	  0.000000000e+00	  1.000000000e+00
  1.337500000e-01	  1.400000000e+00	  0.000000000e+00	  2.500000000e+00	  1.000000000e+00	  1.785714286e+00	  0.000000000e+00	  1.000000000e+00
  1.362500000e-01	  1.400000000e+00	  0.000000000e+00	  2.500000000e+00	  1.000000000e+00	  1.785714286e+00	  0.000000000e+00	  1.000000000e+00
  1.387500000e-01	  1.400000000e+00	  0.000000000e+00	  2.500000000e+00	  1.000000000e+00	  1.785714286e+00	  0.000000000e+00	  1.000000000e+00
  1.412500000e-01	  1.400000000e+00	  0.000000000e+00	  2.500000000e+00	  1.000000000e+00	  1.785714286e+00	  0.000000000e+00	  1.000000000e+00
  1.437500000e-01	  1.400000000e+00	  0.000000000e+00	  2.500000000e+00	  1.000000000e+00	  1.785714286e+00	  0.000000000e+00	  1.000000000e+00
  1.462500000e-01	  1.400000000e+00	  0.000000000e+00	  2.500000000e+00	  1.000000000e+00	  1.785714286e+00	  0.000000000e+00	  1.000000000e+00
  1.487500000e-01	  1.400000000e+00	  0.000000000e+00	  2.500000000e+00	  1.000000000e+00	  1.785714286e+00	  0.000000000e+00	  1.000000000e+00
  1.512500000e-01	  1.400000000e+00	  0.000000000e+00	  2.500000000e+00	  1.000000000e+00	  1.785714286e+00	  0.000000000e+00	  1.000000000e+00
  1.537500000e-01	  1.400000000e+00	  0.000000000e+00	  2.500000000e+00	  1.000000000e+00	  1.785714286e+00	  0.000000000e+00	  1.000000000e+00
  1.562500000e-01	  1.400000000e+00	  0.000000000e+00	  2.500000000e+00	  1.000000000e+00	  1.785714286e+00	  0.000000000e+00	  1.000000000e+00
  1.587500000e-01	  1.400000000e+00	  0.000000000e+00	  2.500000000e+00	  1.000000000e+00	  1.785714286e+00	  0.000000000e+00	  1.000000000e+00
  1.612500000e-01	  1.400000000e+00	  0.000000000e+00	  2.500000000e+00	  1.000000000e+00	  1.785714286e+00	  0.000000000e+00	  1.000000000e+00
  1.637500000e-01	  1.400000000e+00	  0.000000000e+00	  2.500000000e+00	  1.000000000e+00	  1.785714286e+00	  0.000000000e+00	  1.000000000e+00
  1.662500000e-01	  1.400000000e+00	  0.000000000e+00	  2.500000000e+00	  1.000000000e+00	  1.785714286e+00	  0.000000000e+00	  1.000000000e+00
  1.687500000e-01	  1.400000000e+00	  0.000000000e+00	  2.500000000e+00	  1.000000000e+00	  1.785714286e+00	  0.000000000e+00	  1.000000000e+00
  1.712500000e-01	  1.400000000e+00	  0.000000000e+00	  2.500000000e+00	  1.000000000e+00	  1.785714286e+00	  0.000000000e+00	  1.000000000e+00
  1.737500000e-01	  1.400000000e+00	  0.000000000e+00	  2.500000000e+00	  1.000000000e+00	  1.785714286e+00	  0.000000000e+00	  1.000000000e+00
  1.762500000e-01	  1.400000000e+00	  0.000000000e+00	  2.500000000e+00	  1.000000000e+00	  1.785714286e+00	  0.000000000e+00	  1.000000000e+00
  1.787500000e-01	  1.400000000e+00	  0.000000000e+00	  2.500000000e+00	  1.000000000e+00	  1.785714286e+00	  0.000000000e+00	  1.000000000e+00
  1.812500000e-01	  1.400000000e+00	  0.000000000e+00	  2.500000000e+00	  1.000000000e+00	  1.785714286e+00	  0.000000000e+00	  1.000000000e+00
  1.837500000e-01	  1.400000000e+00	  0.000000000e+00	  2.500000000e+00	  1.000000000e+00	  1.785714286e+00	  0.000000000e+00	  1.000000000e+00
  1.862500000e-01	  1.400000000e+00	  0.000000000e+00	  2.500000000e+00	  1.000000000e+00	  1.785714286e+00	  0.000000000e+00	  1.000000000e+00
  1.887500000e-01	  1.400000000e+00	  0.000000000e+00	  2.500000000e+00	  1.000000000e+00	  1.785714286e+00	  0.000000000e+00	  1.000000000e+00
  1.912500000e-01	  1.400000000e+00	  0.000000000e+00	  2.500000000e+00	  1.000000000e+00	  1.785714286e+00	  0.000000000e+00	  1.000000000e+00
  1.937500000e-01	  1.400000000e+00	  0.000000000e+00	  2.500000000e+00	  1.000000000e+00	  1.785714286e+00	  0.000000000e+00	  1.000000000e+00
  1.962500000e-01	  1.400000000e+00	  0.000000000e+00	  2.500000000e+00	  1.000000000e+00	  1.785714286e+00	  0.000000000e+00	  1.000000000e+00
  1.987500000e-01	  1.400000000e+00	  0.000000000e+00	  2.500000000e+00	  1.000000000e+00	  1.785714286e+00	  0.000000000e+00	  1.000000000e+00
  2.012500000e-01	  1.400000000e+00	  0.000000000e+00	  2.500000000e+00	  1.000000000e+00	  1.785714286e+00	  0.000000000e+00	  1.000000000e+00
  2.037500000e-01	  1.400000000e+00	  0.000000000e+00	  2.500000000e+00	  1.000000000e+00	  1.785714286e+00	  0.000000000e+00	  1.000000000e+00
  2.062500000e-01	  1.400000000e+00	  0.000000000e+00	  2.500000000e+00	  1.000000000e+00	  1.785714286e+00	  0.000000000e+00	  1.000000000e+00
  2.087500000e-01	  1.400000000e+00	  0.000000000e+00	  2.500000000e+00	  1.000000000e+00	  1.785714286e+00	  0.000000000e+00	  1.000000000e+00
  2.112500000e-01	  1.400000000e+00	  0.000000000e+00	  2.500000000e+00	  1.000000000e+00	  1.785714286e+00	  0.000000000e+00	  1.000000000e+00
  2.137500000e-01	  1.400000000e+00	  0.000000000e+00	  2.500000000e+00	  1.000000000e+00	  1.785714286e+00	  0.000000000e+00	  1.000000000e+00
  2.162500000e-01	  1.400000000e+00	  0.000000000e+00	  2.500000000e+00	  1.000000000e+00	  1.785714286e+00	  0.000000000e+00	  1.000000000e+00
  2.187500000e-01	  1.400000000e+00	  0.000000000e+00	  2.500000000e+00	  1.000000000e+00	  1.785714286e+00	  0.000000000e+00	  1.000000000e+00
  2.212500000e-01	  1.400000000e+00	  0.000000000e+00	  2.500000000e+00	  1.000000000e+00	  1.785714286e+00	  0.000000000e+00	  1.000000000e+00
  2.237500000e-01	  1.400000000e+00	  0.000000000e+00	  2.500000000e+00	  1.000000000e+00	  1.785714286e+00	  0.000000000e+00	  1.000000000e+00
  2.262500000e-01	  1.400000000e+00	  0.000000000e+00	  2.500000000e+00	  1.000000000e+00	  1.785714286e+00	  0.000000000e+00	  1.000000000e+00
  2.287500000e-01	  1.400000000e+00	  0.000000000e+00	  2.500000000e+00	  1.000000000e+00	  1.785714286e+00	  0.000000000e+00	  1.000000000e+00
  2.312500000e-01	  1.400000000e+00	  0.000000000e+00	  2.500000000e+00	  1.000000000e+00	  1.785714286e+00	  0.000000000e+00	  1.000000000e+00
  2.337500000e-01	  1.400000000e+00	  0.000000000e+00	  2.500000000e+00	  1.000000000e+00	  1.785714286e+00	  0.000000000e+00	  1.000000000e+00
  2.362500000e-01	  1.400000000e+00	  0.000000000e+00	  2.500000000e+00	  1.000000000e+00	  1.785714286e+00	  0.000000000e+00	  1.000000000e+00
  2.387500000e-01	  1.400000000e+00	  0.000000000e+00	  2.500000000e+00	  1.000000000e+00	  1.785714286e+00	  0.000000000e+00	  1.000000000e+00
  2.412500000e-01	  1.400000000e+00	  0.000000000e+00	  2.500000000e+00	  1.000000000e+00	  1.785714286e+00	  0.000000000e+00	  1.000000000e+00
  2.437500000e-01	  1.400000000e+00	  0.000000000e+00	  2.500000000e+00	  1.000000000e+00	  1.785714286e+00	  0.000000000e+00	  1.000000000e+00
  2.462500000e-01	  1.400000000e+00	  0.000000000e+00	  2.500000000e+00	  1.000000000e+00	  1.785714286e+00	  0.000000000e+00	  1.000000000e+00
  2.487500000e-01	  1.400000000e+00	  0.000000000e+00	  2.500000000e+00	  1.000000000e+00	  1.785714286e+00	  0.000000000e+00	  1.000000000e+00
  2.512500000e-01	  1.400000000e+00	  0.000000000e+00	  2.500000000e+00	  1.000000000e+00	  1.785714286e+00	  0.000000000e+00	  1.000000000e+00
  2.537500000e-01	  1.400000000e+00	  0.000000000e+00	  2.500000000e+00	  1.000000000e+00	  1.785714286e+00	  0.000000000e+00	  1.000000000e+00
  2.562500000e-01	  1.400000000e+00	  0.000000000e+00	  2.500000000e+00	  1.000000000e+00	  1.785714286e+00	  0.000000000e+00	  1.000000000e+00
  2.587500000e-01	  1.400000000e+00	  0.000000000e+00	  2.500000000e+00	  1.000000000e+00	  1.785714286e+00	  0.000000000e+00	  1.000000000e+00
  2.612500000e-01	  1.400000000e+00	  0.000000000e+00	  2.500000000e+00	  1.000000000e+00	  1.785714286e+00	  0.000000000e+00	  1.000000000e+00
  2.637500000e-01	  1.400000000e+00	  0.000000000e+00	  2.500000000e+00	  1.000000000e+00	  1.785714286e+00	  0.000000000e+00	  1.000000000e+00
  2.662500000e-01	  1.400000000e+00	  0.000000000e+00	  2.500000000e+00	  1.000000000e+00	  1.785714286e+00	  0.000000000e+00	  1.000000000e+00
  2.687500000e-01	  1.400000000e+00	  0.000000000e+00	  2.500000000e+00	  1.000000000e+00	  1.785714286e+00	  0.000000000e+00	  1.000000000e+00
  2.712500000e-01	  1.400000000e+00	  0.000000000e+00	  2.500000000e+00	  1.000000000e+00	  1.785714286e+00	  0.000000000e+00	  1.000000000e+00
  2.737500000e-01	  1.400000000e+00	  0.000000000e+00	  2.500000000e+00	  1.000000000e+00	  1.785714286e+00	  0.000000000e+00	  1.000000000e+00
  2.762500000e-01	  1.400000000e+00	  0.000000000e+00	  2.500000000e+00	  1.000000000e+00	  1.785714286e+00	  0.000000000e+00	  1.000000000e+00
  2.787500000e-01	  1.400000000e+00	  0.000000000e+00	  2.500000000e+00	  1.000000000e+00	  1.785714286e+00	  0.000000000e+00	  1.000000000e+00
  2.812500000e-01	  1.400000000e+00	  0.000000000e+00	  2.500000000e+00	  1.000000000e+00	  1.785714286e+00	  0.000000000e+00	  1.000000000e+00
  2.837500000e-01	  1.400000000e+00	  0.000000000e+00	  2.500000000e+00	  1.000000000e+00	  1.785714286e+00	  0.000000000e+00	  1.000000000e+00
  2.862500000e-01	  1.400000000e+00	  0.000000000e+00	  2.500000000e+00	  1.000000000e+00	  1.785714286e+00	  0.000000000e+00	  1.000000000e+00
  2.887500000e-01	  1.400000000e+00	  0.000000000e+00	  2.500000000e+00	  1.000000000e+00	  1.785714286e+00	  0.000000000e+00	  1.000000000e+00
  2.912500000e-01	  1.400000000e+00	  0.000000000e+00	  2.500000000e+00	  1.000000000e+00	  1.785714286e+00	  0.000000000e+00	  1.000000000e+00
  2.937500000e-01	  1.400000000e+00	  0.000000000e+00	  2.500000000e+00	  1.000000000e+00	  1.785714286e+00	  0.000000000e+00	  1.000000000e+00
  2.962500000e-01	  1.400000000e+00	  0.000000000e+00	  2.500000000e+00	  1.000000000e+00	  1.785714286e+00	  0.000000000e+00	  1.000000000e+00
  2.987500000e-01	  1.400000000e+00	  0.000000000e+00	  2.500000000e+00	  1.000000000e+00	  1.785714286e+00	  0.000000000e+00	  1.000000000e+00
  3.012500000e-01	  1.400000000e+00	  0.000000000e+00	  2.500000000e+00	  1.000000000e+00	  1.785714286e+00	  0.000000000e+00	  1.000000000e+00
  3.037500000e-01	  1.400000000e+00	  0.000000000e+00	  2.500000000e+00	  1.000000000e+00	  1.785714286e+00	  0.000000000e+00	  1.000000000e+00
  3.062500000e-01	  1.400000000e+00	  0.000000000e+00	  2.500000000e+00	  1.000000000e+00	  1.785714286e+00	  0.000000000e+00	  1.000000000e+00
  3.087500000e-01	  1.400000000e+00	  0.000000000e+00	  2.500000000e+00	  1.000000000e+00	  1.785714286e+00	  0.000000000e+00	  1.000000000e+00
  3.112500000e-01	  1.400000000e+00	  0.000000000e+00	  2.500000000e+00	  1.000000000e+00	  1.785714286e+00	  0.000000000e+00	  1.000000000e+00
  3.137500000e-01	  1.400000000e+00	  0.000000000e+00	  2.500000000e+00	  1.000000000e+00	  1.785714286e+00	  0.000000000e+00	  1.000000000e+00
  3.162500000e-01	  1.400000000e+00	  0.000000000e+00	  2.500000000e+00	  1.000000000e+00	  1.785714286e+00	  0.000000000e+00	  1.000000000e+00
  3.187500000e-01	  1.400000000e+00	  0.000000000e+00	  2.500000000e+00	  1.000000000e+00	  1.785714286e+00	  0.000000000e+00	  1.000000000e+00
  3.212500000e-01	  1.400000000e+00	  0.000000000e+00	  2.500000000e+00	  1.000000000e+00	  1.785714286e+00	  0.000000000e+00	  1.000000000e+00
  3.237500000e-01	  1.400000000e+00	  0.000000000e+00	  2.500000000e+00	  1.000000000e+00	  1.785714286e+00	  0.000000000e+00	  1.000000000e+00
  3.262500000e-01	  1.400000000e+00	  0.000000000e+00	  2.500000000e+00	  1.000000000e+00	  1.785714286e+00	  0.000000000e+00	  1.000000000e+00
  3.287500000e-01	  1.400000000e+00	  0.000000000e+00	  2.500000000e+00	  1.000000000e+00	  1.785714286e+00	  0.000000000e+00	  1.000000000e+00
  3.312500000e-01	  1.400000000e+00	  0.000000000e+00	  2.500000000e+00	  1.000000000e+00	  1.785714286e+00	  0.000000000e+00	  1.000000000e+00
  3.337500000e-01	  1.400000000e+00	  0.000000000e+00	  2.500000000e+00	  1.000000000e+00	  1.785714286e+00	  0.000000000e+00	  1.000000000e+00
  3.362500000e-01	  1.400000000e+00	  0.000000000e+00	  2.500000000e+00	  1.000000000e+00	  1.785714286e+00	  0.000000000e+00	  1.000000000e+00
  3.387500000e-01	  1.400000000e+00	  0.000000000e+00	  2.500000000e+00	  1.000000000e+00	  1.785714286e+00	  0.000000000e+00	  1.000000000e+00
  3.412500000e-01	  1.400000000e+00	  0.000000000e+00	  2.500000000e+00	  1.000000000e+00	  1.785714286e+00	  0.000000000e+00	  1.000000000e+00
  3.437500000e-01	  1.400000000e+00	  0.000000000e+00	  2.500000000e+00	  1.000000000e+00	  1.785714286e+00	  0.000000000e+00	  1.000000000e+00
  3.462500000e-01	  1.400000000e+00	  0.000000000e+00	  2.500000000e+00	  1.000000000e+00	  1.785714286e+00	  0.000000000e+00	  1.000000000e+00
  3.487500000e-01	  1.400000000e+00	  0.000000000e+00	  2.500000000e+00	  1.000000000e+00	  1.785714286e+00	  0.000000000e+00	  1.000000000e+00
  3.512500000e-01	  1.400000000e+00	  0.000000000e+00	  2.500000000e+00	  1.000000000e+00	  1.785714286e+00	  0.000000000e+00	  1.000000000e+00
  3.537500000e-01	  1.400000000e+00	  0.000000000e+00	  2.500000000e+00	  1.000000000e+00	  1.785714286e+00	  0.000000000e+00	  1.000000000e+00
  3.562500000e-01	  1.400000000e+00	  0.000000000e+00	  2.500000000e+00	  1.000000000e+00	  1.785714286e+00	  0.000000000e+00	  1.000000000e+00
  3.587500000e-01	  1.400000000e+00	  0.000000000e+00	  2.500000000e+00	  1.000000000e+00	  1.785714286e+00	  0.000000000e+00	  1.000000000e+00
  3.612500000e-01	  1.400000000e+00	  0.000000000e+00	  2.500000000e+00	  1.000000000e+00	  1.785714286e+00	  0.000000000e+00	  1.000000000e+00
  3.637500000e-01	  1.400000000e+00	  0.000000000e+00	  2.500000000e+00	  1.000000000e+00	  1.785714286e+00	  0.000000000e+00	  1.000000000e+00
  3.662500000e-01	  1.400000000e+00	  0.000000000e+00	  2.500000000e+00	  1.000000000e+00	  1.785714286e+00	  0.000000000e+00	  1.000000000e+00
  3.687500000e-01	  1.400000000e+00	  0.000000000e+00	  2.500000000e+00	  1.000000000e+00	  1.785714286e+00	  0.000000000e+00	  1.000000000e+00
  3.712500000e-01	  1.400000000e+00	  0.000000000e+00	  2.500000000e+00	  1.000000000e+00	  1.785714286e+00	  0.000000000e+00	  1.000000000e+00
  3.737500000e-01	  1.400000000e+00	  0.000000000e+00	  2.500000000e+00	  1.000000000e+00	  1.785714286e+00	  0.000000000e+00	  1.000000000e+00
  3.762500000e-01	  1.400000000e+00	  0.000000000e+00	  2.500000000e+00	  1.000000000e+00	  1.785714286e+00	  0.000000000e+00	  1.000000000e+00
  3.787500000e-01	  1.400000000e+00	  0.000000000e+00	  2.500000000e+00	  1.000000000e+00	  1.785714286e+00	  0.000000000e+00	  1.000000000e+00
  3.812500000e-01	  1.400000000e+00	  0.000000000e+00	  2.500000000e+00	  1.000000000e+00	  1.785714286e+00	  0.000000000e+00	  1.000000000e+00
  3.837500000e-01	  1.400000000e+00	  0.000000000e+00	  2.500000000e+00	  1.000000000e+00	  1.785714286e+00	  0.000000000e+00	  1.000000000e+00
  3.862500000e-01	  1.400000000e+00	  0.000000000e+00	  2.500000000e+00	  1.000000000e+00	  1.785714286e+00	  0.000000000e+00	  1.000000000e+00
  3.887500000e-01	  1.400000000e+00	  0.000000000e+00	  2.500000000e+00	  1.000000000e+00	  1.785714286e+00	  0.000000000e+00	  1.000000000e+00
  3.912500000e-01	  1.400000000e+00	  0.000000000e+00	  2.500000000e+00	  1.000000000e+00	  1.785714286e+00	  0.000000000e+00	  1.000000000e+00
  3.937500000e-01	  1.400000000e+00	  0.000000000e+00	  2.500000000e+00	  1.000000000e+00	  1.785714286e+00	  0.000000000e+00	  1.000000000e+00
  3.962500000e-01	  1.400000000e+00	  0.000000000e+00	  2.500000000e+00	  1.000000000e+00	  1.785714286e+00	  0.000000000e+00	  1.000000000e+00
  3.987500000e-01	  1.400000000e+00	  0.000000000e+00	  2.500000000e+00	  1.000000000e+00	  1.785714286e+00	  0.000000000e+00	  1.000000000e+00
  4.012500000e-01	  1.400000000e+00	  0.000000000e+00	  2.500000000e+00	  1.000000000e+00	  1.785714286e+00	  0.000000000e+00	  1.000000000e+00
  4.037500000e-01	  1.400000000e+00	  0.000000000e+00	  2.500000000e+00	  1.000000000e+00	  1.785714286e+00	  0.000000000e+00	  1.000000000e+00
  4.062500000e-01	  1.400000000e+00	  0.000000000e+00	  2.500000000e+00	  1.000000000e+00	  1.785714286e+00	  0.000000000e+00	  1.000000000e+00
  4.087500000e-01	  1.400000000e+00	  0.000000000e+00	  2.500000000e+00	  1.000000000e+00	  1.785714286e+00	  0.000000000e+00	  1.000000000e+00
  4.112500000e-01	  1.400000000e+00	  0.000000000e+00	  2.500000000e+00	  1.000000000e+00	  1.785714286e+00	  0.000000000e+00	  1.000000000e+00
  4.137500000e-01	  1.400000000e+00	  0.000000000e+00	  2.500000000e+00	  1.000000000e+00	  1.785714286e+00	  0.000000000e+00	  1.000000000e+00
  4.162500000e-01	  1.400000000e+00	  0.000000000e+00	  2.500000000e+00	  1.000000000e+00	  1.785714286e+00	  0.000000000e+00	  1.000000000e+00
  4.187500000e-01	  1.400000000e+00	  0.000000000e+00	  2.500000000e+00	  1.000000000e+00	  1.785714286e+00	  0.000000000e+00	  1.000000000e+00
  4.212500000e-01	  1.400000000e+00	  0.000000000e+00	  2.500000000e+00	  1.000000000e+00	  1.785714286e+00	  0.000000000e+00	  1.000000000e+00
  4.237500000e-01	  1.400000000e+00	  0.000000000e+00	  2.500000000e+00	  1.000000000e+00	  1.785714286e+00	  0.000000000e+00	  1.000000000e+00
  4.262500000e-01	  1.400000000e+00	  0.000000000e+00	  2.500000000e+00	  1.000000000e+00	  1.785714286e+00	  0.000000000e+00	  1.000000000e+00
  4.287500000e-01	  1.400000000e+00	  0.000000000e+00	  2.500000000e+00	  1.000000000e+00	  1.785714286e+00	  0.000000000e+00	  1.000000000e+00
  4.312500000e-01	  1.400000000e+00	  0.000000000e+00	  2.500000000e+00	  1.000000000e+00	  1.785714286e+00	  0.000000000e+00	  1.000000000e+00
  4.337500000e-01	  1.400000000e+00	  0.000000000e+00	  2.500000000e+00	  1.000000000e+00	  1.785714286e+00	  0.000000000e+00	  1.000000000e+00
  4.362500000e-01	  1.400000000e+00	  0.000000000e+00	  2.500000000e+00	  1.000000000e+00	  1.785714286e+00	  0.000000000e+00	  1.000000000e+00
  4.387500000e-01	  1.400000000e+00	  0.000000000e+00	  2.500000000e+00	  1.000000000e+00	  1.785714286e+00	  0.000000000e+00	  1.000000000e+00
  4.412500000e-01	  1.400000000e+00	  0.000000000e+00	  2.500000000e+00	  1.000000000e+00	  1.785714286e+00	  0.000000000e+00	  1.000000000e+00
  4.437500000e-01	  1.400000000e+00	  0.000000000e+00	  2.500000000e+00	  1.000000000e+00	  1.785714286e+00	  0.000000000e+00	  1.000000000e+00
  4.462500000e-01	  1.400000000e+00	  0.000000000e+00	  2.500000000e+00	  1.000000000e+00	  1.785714286e+00	  0.000000000e+00	  1.000000000e+00
  4.487500000e-01	  1.400000000e+00	  0.000000000e+00	  2.500000000e+00	  1.000000000e+00	  1.785714286e+00	  0.000000000e+00	  1.000000000e+00
  4.512500000e-01	  1.400000000e+00	  0.000000000e+00	  2.500000000e+00	  1.000000000e+00	  1.785714286e+00	  0.000000000e+00	  1.000000000e+00
  4.537500000e-01	  1.400000000e+00	  0.000000000e+00	  2.500000000e+00	  1.000000000e+00	  1.785714286e+00	  0.000000000e+00	  1.000000000e+00
  4.562500000e-01	  1.400000000e+00	  0.000000000e+00	  2.500000000e+00	  1.000000000e+00	  1.785714286e+00	  0.000000000e+00	  1.000000000e+00
  4.587500000e-01	  1.400000000e+00	  0.000000000e+00	  2.500000000e+00	  1.000000000e+00	  1.785714286e+00	  0.000000000e+00	  1.000000000e+00
  4.612500000e-01	  1.400000000e+00	  0.000000000e+00	  2.500000000e+00	  1.000000000e+00	  1.785714286e+00	  0.000000000e+00	  1.000000000e+00
  4.637500000e-01	  1.400000000e+00	  0.000000000e+00	  2.500000000e+00	  1.000000000e+00	  1.785714286e+00	  0.000000000e+00	  1.000000000e+00
  4.662500000e-01	  1.400000000e+00	  0.000000000e+00	  2.500000000e+00	  1.000000000e+00	  1.785714286e+00	  0.000000000e+00	  1.000000000e+00
  4.687500000e-01	  1.400000000e+00	  0.000000000e+00	  2.500000000e+00	  1.000000000e+00	  1.785714286e+00	  0.000000000e+00	  1.000000000e+00
  4.712500000e-01	  1.400000000e+00	  0.000000000e+00	  2.500000000e+00	  1.000000000e+00	  1.785714286e+00	  0.000000000e+00	  1.000000000e+00
  4.737500000e-01	  1.400000000e+00	  0.000000000e+00	  2.500000000e+00	  1.000000000e+00	  1.785714286e+00	  0.000000000e+00	  1.000000000e+00
  4.762500000e-01	  1.400000000e+00	  0.000000000e+00	  2.500000000e+00	  1.000000000e+00	  1.785714286e+00	  0.000000000e+00	  1.000000000e+00
  4.787500000e-01	  1.400000000e+00	  0.000000000e+00	  2.500000000e+00	  1.000000000e+00	  1.785714286e+00	  0.000000000e+00	  1.000000000e+00
  4.812500000e-01	  1.400000000e+00	  0.000000000e+00	  2.500000000e+00	  1.000000000e+00	  1.785714286e+00	  0.000000000e+00	  1.000000000e+00
  4.837500000e-01	  1.400000000e+00	  0.000000000e+00	  2.500000000e+00	  1.000000000e+00	  1.785714286e+00	  0.000000000e+00	  1.000000000e+00
  4.862500000e-01	  1.400000000e+00	  0.000000000e+00	  2.500000000e+00	  1.000000000e+00	  1.785714286e+00	  0.000000000e+00	  1.000000000e+00
  4.887500000e-01	  1.400000000e+00	  0.000000000e+00	  2.500000000e+00	  1.000000000e+00	  1.785714286e+00	  0.000000000e+00	  1.000000000e+00
  4.912500000e-01	  1.400000000e+00	  0.000000000e+00	  2.500000000e+00	  1.000000000e+00	  1.785714286e+00	  0.000000000e+00	  1.000000000e+00
  4.937500000e-01	  1.400000000e+00	  0.000000000e+00	  2.500000000e+00	  1.000000000e+00	  1.785714286e+00	  0.000000000e+00	  1.000000000e+00
  4.962500000e-01	  1.400000000e+00	  0.000000000e+00	  2.500000000e+00	  1.000000000e+00	  1.785714286e+00	  0.000000000e+00	  1.000000000e+00
  4.987500000e-01	  1.400000000e+00	  0.000000000e+00	  2.500000000e+00	  1.000000000e+00	  1.785714286e+00	  0.000000000e+00	  1.000000000e+00
  5.012500000e-01	  1.000000000e+00	  0.000000000e+00	  2.500000000e+00	  1.000000000e+00	  2.500000000e+00	  0.000000000e+00	  1.183215957e+00
  5.037500000e-01	  1.000000000e+00	  0.000000000e+00	  2.500000000e+00	  1.000000000e+00	  2.500000000e+00	  0.000000000e+00	  1.183215957e+00
  5.062500000e-01	  1.000000000e+00	  0.000000000e+00	  2.500000000e+00	  1.000000000e+00	  2.500000000e+00	  0.000000000e+00	  1.183215957e+00
  5.087500000e-01	  1.000000000e+00	  0.000000000e+00	  2.500000000e+00	  1.000000000e+00	  2.500000000e+00	  0.000000000e+00	  1.183215957e+00
  5.112500000e-01	  1.000000000e+00	  0.000000000e+00	  2.500000000e+00	  1.000000000e+00	  2.500000000e+00	  0.000000000e+00	  1.183215957e+00
  5.137500000e-01	  1.000000000e+00	  0.000000000e+00	  2.500000000e+00	  1.000000000e+00	  2.500000000e+00	  0.000000000e+00	  1.183215957e+00
  5.162500000e-01	  1.000000000e+00	  0.000000000e+00	  2.500000000e+00	  1.000000000e+00	  2.500000000e+00	  0.000000000e+00	  1.183215957e+00
  5.187500000e-01	  1.000000000e+00	  0.000000000e+00	  2.500000000e+00	  1.000000000e+00	  2.500000000e+00	  0.000000000e+00	  1.183215957e+00
  5.212500000e-01	  1.000000000e+00	  0.000000000e+00	  2.500000000e+00	  1.000000000e+00	  2.500000000e+00	  0.000000000e+00	  1.183215957e+00
  5.237500000e-01	  1.000000000e+00	  0.000000000e+00	  2.500000000e+00	  1.000000000e+00	  2.500000000e+00	  0.000000000e+00	  1.183215957e+00
  5.262500000e-01	  1.000000000e+00	  0.000000000e+00	  2.500000000e+00	  1.000000000e+00	  2.500000000e+00	  0.000000000e+00	  1.183215957e+00
  5.287500000e-01	  1.000000000e+00	  0.000000000e+00	  2.500000000e+00	  1.000000000e+00	  2.500000000e+00	  0.000000000e+00	  1.183215957e+00
  5.312500000e-01	  1.000000000e+00	  0.000000000e+00	  2.500000000e+00	  1.000000000e+00	  2.500000000e+00	  0.000000000e+00	  1.183215957e+00
  5.337500000e-01	  1.000000000e+00	  0.000000000e+00	  2.500000000e+00	  1.000000000e+00	  2.500000000e+00	  0.000000000e+00	  1.183215957e+00
  5.362500000e-01	  1.000000000e+00	  0.000000000e+00	  2.500000000e+00	  1.000000000e+00	  2.500000000e+00	  0.000000000e+00	  1.183215957e+00
  5.387500000e-01	  1.000000000e+00	  0.000000000e+00	  2.500000000e+00	  1.000000000e+00	  2.500000000e+00	  0.000000000e+00	  1.183215957e+00
  5.412500000e-01	  1.000000000e+00	  0.000000000e+00	  2.500000000e+00	  1.000000000e+00	  2.500000000e+00	  0.000000000e+00	  1.183215957e+00
  5.437500000e-01	  1.000000000e+00	  0.000000000e+00	  2.500000000e+00	  1.000000000e+00	  2.500000000e+00	  0.000000000e+00	  1.183215957e+00
  5.462500000e-01	  1.000000000e+00	  0.000000000e+00	  2.500000000e+00	  1.000000000e+00	  2.500000000e+00	  0.000000000e+00	  1.183215957e+00
  5.487500000e-01	  1.000000000e+00	  0.000000000e+00	  2.500000000e+00	  1.000000000e+00	  2.500000000e+00	  0.000000000e+00	  1.183215957e+00
  5.512500000e-01	  1.000000000e+00	  0.000000000e+00	  2.500000000e+00	  1.000000000e+00	  2.500000000e+00	  0.000000000e+00	  1.183215957e+00
  5.537500000e-01	  1.000000000e+00	  0.000000000e+00	  2.500000000e+00	  1.000000000e+00	  2.500000000e+00	  0.000000000e+00	  1.183215957e+00
  5.562500000e-01	  1.000000000e+00	  0.000000000e+00	  2.500000000e+00	  1.000000000e+00	  2.500000000e+00	  0.000000000e+00	  1.183215957e+00
  5.587500000e-01	  1.000000000e+00	  0.000000000e+00	  2.500000000e+00	  1.000000000e+00	  2.500000000e+00	  0.000000000e+00	  1.183215957e+00
  5.612500000e-01	  1.000000000e+00	  0.000000000e+00	  2.500000000e+00	  1.000000000e+00	  2.500000000e+00	  0.000000000e+00	  1.183215957e+00
  5.637500000e-01	  1.000000000e+00	  0.000000000e+00	  2.500000000e+00	  1.000000000e+00	  2.500000000e+00	  0.000000000e+00	  1.183215957e+00
  5.662500000e-01	  1.000000000e+00	  0.000000000e+00	  2.500000000e+00	  1.000000000e+00	  2.500000000e+00	  0.000000000e+00	  1.183215957e+00
  5.687500000e-01	  1.000000000e+00	  0.000000000e+00	  2.500000000e+00	  1.000000000e+00	  2.500000000e+00	  0.000000000e+00	  1.183215957e+00
  5.712500000e-01	  1.000000000e+00	  0.000000000e+00	  2.500000000e+00	  1.000000000e+00	  2.500000000e+00	  0.000000000e+00	  1.183215957e+00
  5.737500000e-01	  1.000000000e+00	  0.000000000e+00	  2.500000000e+00	  1.000000000e+00	  2.500000000e+00	  0.000000000e+00	  1.183215957e+00
  5.762500000e-01	  1.000000000e+00	  0.000000000e+00	  2.500000000e+00	  1.000000000e+00	  2.500000000e+00	  0.000000000e+00	  1.183215957e+00
  5.787500000e-01	  1.000000000e+00	  0.000000000e+00	  2.500000000e+00	  1.000000000e+00	  2.500000000e+00	  0.000000000e+00	  1.183215957e+00
  5.812500000e-01	  1.000000000e+00	  0.000000000e+00	  2.500000000e+00	  1.000000000e+00	  2.500000000e+00	  0.000000000e+00	  1.183215957e+00
  5.837500000e-01	  1.000000000e+00	  0.000000000e+00	  2.500000000e+00	  1.000000000e+00	  2.500000000e+00	  0.000000000e+00	  1.183215957e+00
  5.862500000e-01	  1.000000000e+00	  0.000000000e+00	  2.500000000e+00	  1.000000000e+00	  2.500000000e+00	  0.000000000e+00	  1.183215957e+00
  5.887500000e-01	  1.000000000e+00	  0.000000000e+00	  2.500000000e+00	  1.000000000e+00	  2.500000000e+00	  0.000000000e+00	  1.183215957e+00
  5.912500000e-01	  1.000000000e+00	  0.000000000e+00	  2.500000000e+00	  1.000000000e+00	  2.500000000e+00	  0.000000000e+00	  1.183215957e+00
  5.937500000e-01	  1.000000000e+00	  0.000000000e+00	  2.500000000e+00	  1.000000000e+00	  2.500000000e+00	  0.000000000e+00	  1.183215957e+00
  5.962500000e-01	  1.000000000e+00	  0.000000000e+00	  2.500000000e+00	  1.000000000e+00	  2.500000000e+00	  0.000000000e+00	  1.183215957e+00
  5.987500000e-01	  1.000000000e+00	  0.000000000e+00	  2.500000000e+00	  1.000000000e+00	  2.500000000e+00	  0.000000000e+00	  1.183215957e+00
  6.012500000e-01	  1.000000000e+00	  0.000000000e+00	  2.500000000e+00	  1.000000000e+00	  2.500000000e+00	  0.000000000e+00	  1.183215957e+00
  6.037500000e-01	  1.000000000e+00	  0.000000000e+00	  2.500000000e+00	  1.000000000e+00	  2.500000000e+00	  0.000000000e+00	  1.183215957e+00
  6.062500000e-01	  1.000000000e+00	  0.000000000e+00	  2.500000000e+00	  1.000000000e+00	  2.500000000e+00	  0.000000000e+00	  1.183215957e+00
  6.087500000e-01	  1.000000000e+00	  0.000000000e+00	  2.500000000e+00	  1.000000000e+00	  2.500000000e+00	  0.000000000e+00	  1.183215957e+00
  6.112500000e-01	  1.000000000e+00	  0.000000000e+00	  2.500000000e+00	  1.000000000e+00	  2.500000000e+00	  0.000000000e+00	  1.183215957e+00
  6.137500000e-01	  1.000000000e+00	  0.000000000e+00	  2.500000000e+00	  1.000000000e+00	  2.500000000e+00	  0.000000000e+00	  1.183215957e+00
  6.162500000e-01	  1.000000000e+00	  0.000000000e+00	  2.500000000e+00	  1.000000000e+00	  2.500000000e+00	  0.000000000e+00	  1.183215957e+00
  6.187500000e-01	  1.000000000e+00	  0.000000000e+00	  2.500000000e+00	  1.000000000e+00	  2.500000000e+00	  0.000000000e+00	  1.183215957e+00
  6.212500000e-01	  1.000000000e+00	  0.000000000e+00	  2.500000000e+00	  1.000000000e+00	  2.500000000e+00	  0.000000000e+00	  1.183215957e+00
  6.237500000e-01	  1.000000000e+00	  0.000000000e+00	  2.500000000e+00	  1.000000000e+00	  2.500000000e+00	  0.000000000e+00	  1.183215957e+00
  6.262500000e-01	  1.000000000e+00	  0.000000000e+00	  2.500000000e+00	  1.000000000e+00	  2.500000000e+00	  0.000000000e+00	  1.183215957e+00
  6.287500000e-01	  1.000000000e+00	  0.000000000e+00	  2.500000000e+00	  1.000000000e+00	  2.500000000e+00	  0.000000000e+00	  1.183215957e+00
  6.312500000e-01	  1.000000000e+00	  0.000000000e+00	  2.500000000e+00	  1.000000000e+00	  2.500000000e+00	  0.000000000e+00	  1.183215957e+00
  6.337500000e-01	  1.000000000e+00	  0.000000000e+00	  2.500000000e+00	  1.000000000e+00	  2.500000000e+00	  0.000000000e+00	  1.183215957e+00
  6.362500000e-01	  1.000000000e+00	  0.000000000e+00	  2.500000000e+00	  1.000000000e+00	  2.500000000e+00	  0.000000000e+00	  1.183215957e+00
  6.387500000e-01	  1.000000000e+00	  0.000000000e+00	  2.500000000e+00	  1.000000000e+00	  2.500000000e+00	  0.000000000e+00	  1.183215957e+00
  6.412500000e-01	  1.000000000e+00	  0.000000000e+00	  2.500000000e+00	  1.000000000e+00	  2.500000000e+00	  0.000000000e+00	  1.183215957e+00
  6.437500000e-01	  1.000000000e+00	  0.000000000e+00	  2.500000000e+00	  1.000000000e+00	  2.500000000e+00	  0.000000000e+00	  1.183215957e+00
  6.462500000e-01	  1.000000000e+00	  0.000000000e+00	  2.500000000e+00	  1.000000000e+00	  2.500000000e+00	  0.000000000e+00	  1.183215957e+00
  6.487500000e-01	  1.000000000e+00	  0.000000000e+00	  2.500000000e+00	  1.000000000e+00	  2.500000000e+00	  0.000000000e+00	  1.183215957e+00
  6.512500000e-01	  1.000000000e+00	  0.000000000e+00	  2.500000000e+00	  1.000000000e+00	  2.500000000e+00	  0.000000000e+00	  1.183215957e+00
  6.537500000e-01	  1.000000000e+00	  0.000000000e+00	  2.500000000e+00	  1.000000000e+00	  2.500000000e+00	  0.000000000e+00	  1.183215957e+00
  6.562500000e-01	  1.000000000e+00	  0.000000000e+00	  2.500000000e+00	  1.000000000e+00	  2.500000000e+00	  0.000000000e+00	  1.183215957e+00
  6.587500000e-01	  1.000000000e+00	  0.000000000e+00	  2.500000000e+00	  1.000000000e+00	  2.500000000e+00	  0.000000000e+00	  1.183215957e+00
  6.612500000e-01	  1.000000000e+00	  0.000000000e+00	  2.500000000e+00	  1.000000000e+00	  2.500000000e+00	  0.000000000e+00	  1.183215957e+00
  6.637500000e-01	  1.000000000e+00	  0.000000000e+00	  2.500000000e+00	  1.000000000e+00	  2.500000000e+00	  0.000000000e+00	  1.183215957e+00
  6.662500000e-01	  1.000000000e+00	  0.000000000e+00	  2.500000000e+00	  1.000000000e+00	  2.500000000e+00	  0.000000000e+00	  1.183215957e+00
  6.687500000e-01	  1.000000000e+00	  0.000000000e+00	  2.500000000e+00	  1.000000000e+00	  2.500000000e+00	  0.000000000e+00	  1.183215957e+00
  6.712500000e-01	  1.000000000e+00	  0.000000000e+00	  2.500000000e+00	  1.000000000e+00	  2.500000000e+00	  0.000000000e+00	  1.183215957e+00
  6.737500000e-01	  1.000000000e+00	  0.000000000e+00	  2.500000000e+00	  1.000000000e+00	  2.500000000e+00	  0.000000000e+00	  1.183215957e+00
  6.762500000e-01	  1.000000000e+00	  0.000000000e+00	  2.500000000e+00	  1.000000000e+00	  2.500000000e+00	  0.000000000e+00	  1.183215957e+00
  6.787500000e-01	  1.000000000e+00	  0.000000000e+00	  2.500000000e+00	  1.000000000e+00	  2.500000000e+00	  0.000000000e+00	  1.183215957e+00
  6.812500000e-01	  1.000000000e+00	  0.000000000e+00	  2.500000000e+00	  1.000000000e+00	  2.500000000e+00	  0.000000000e+00	  1.183215957e+00
  6.837500000e-01	  1.000000000e+00	  0.000000000e+00	  2.500000000e+00	  1.000000000e+00	  2.500000000e+00	  0.000000000e+00	  1.183215957e+00
  6.862500000e-01	  1.000000000e+00	  0.000000000e+00	  2.500000000e+00	  1.000000000e+00	  2.500000000e+00	  0.000000000e+00	  1.183215957e+00
  6.887500000e-01	  1.000000000e+00	  0.000000000e+00	  2.500000000e+00	  1.000000000e+00	  2.500000000e+00	  0.000000000e+00	  1.183215957e+00
  6.912500000e-01	  1.000000000e+00	  0.000000000e+00	  2.500000000e+00	  1.000000000e+00	  2.500000000e+00	  0.000000000e+00	  1.183215957e+00
  6.937500000e-01	  1.000000000e+00	  0.000000000e+00	  2.500000000e+00	  1.000000000e+00	  2.500000000e+00	  0.000000000e+00	  1.183215957e+00
  6.962500000e-01	  1.000000000e+00	  0.000000000e+00	  2.500000000e+00	  1.000000000e+00	  2.500000000e+00	  0.000000000e+00	  1.183215957e+00
  6.987500000e-01	  1.000000000e+00	  0.000000000e+00	  2.500000000e+00	  1.000000000e+00	  2.500000000e+00	  0.000000000e+00	  1.183215957e+00
  7.012500000e-01	  1.000000000e+00	  0.000000000e+00	  2.500000000e+00	  1.000000000e+00	  2.500000000e+00	  0.000000000e+00	  1.183215957e+00
  7.037500000e-01	  1.000000000e+00	  0.000000000e+00	  2.500000000e+00	  1.000000000e+00	  2.500000000e+00	  0.000000000e+00	  1.183215957e+00
  7.062500000e-01	  1.000000000e+00	  0.000000000e+00	  2.500000000e+00	  1.000000000e+00	  2.500000000e+00	  0.000000000e+00	  1.183215957e+00
  7.087500000e-01	  1.000000000e+00	  0.000000000e+00	  2.500000000e+00	  1.000000000e+00	  2.500000000e+00	  0.000000000e+00	  1.183215957e+00
  7.112500000e-01	  1.000000000e+00	  0.000000000e+00	  2.500000000e+00	  1.000000000e+00	  2.500000000e+00	  0.000000000e+00	  1.183215957e+00
  7.137500000e-01	  1.000000000e+00	  0.000000000e+00	  2.500000000e+00	  1.000000000e+00	  2.500000000e+00	  0.000000000e+00	  1.183215957e+00
  7.162500000e-01	  1.000000000e+00	  0.000000000e+00	  2.500000000e+00	  1.000000000e+00	  2.500000000e+00	  0.000000000e+00	  1.183215957e+00
  7.187500000e-01	  1.000000000e+00	  0.000000000e+00	  2.500000000e+00	  1.000000000e+00	  2.500000000e+00	  0.000000000e+00	  1.183215957e+00
  7.212500000e-01	  1.000000000e+00	  0.000000000e+00	  2.500000000e+00	  1.000000000e+00	  2.500000000e+00	  0.000000000e+00	  1.183215957e+00
  7.237500000e-01	  1.000000000e+00	  0.000000000e+00	  2.500000000e+00	  1.000000000e+00	  2.500000000e+00	  0.000000000e+00	  1.183215957e+00
  7.262500000e-01	  1.000000000e+00	  0.000000000e+00	  2.500000000e+00	  1.000000000e+00	  2.500000000e+00	  0.000000000e+00	  1.183215957e+00
  7.287500000e-01	  1.000000000e+00	  0.000000000e+00	  2.500000000e+00	  1.000000000e+00	  2.500000000e+00	  0.000000000e+00	  1.183215957e+00
  7.312500000e-01	  1.000000000e+00	  0.000000000e+00	  2.500000000e+00	  1.000000000e+00	  2.500000000e+00	  0.000000000e+00	  1.183215957e+00
  7.337500000e-01	  1.000000000e+00	  0.000000000e+00	  2.500000000e+00	  1.000000000e+00	  2.500000000e+00	  0.000000000e+00	  1.183215957e+00
  7.362500000e-01	  1.000000000e+00	  0.000000000e+00	  2.500000000e+00	  1.000000000e+00	  2.500000000e+00	  0.000000000e+00	  1.183215957e+00
  7.387500000e-01	  1.000000000e+00	  0.000000000e+00	  2.500000000e+00	  1.000000000e+00	  2.500000000e+00	  0.000000000e+00	  1.183215957e+00
  7.412500000e-01	  1.000000000e+00	  0.000000000e+00	  2.500000000e+00	  1.000000000e+00	  2.500000000e+00	  0.000000000e+00	  1.183215957e+00
  7.437500000e-01	  1.000000000e+00	  0.000000000e+00	  2.500000000e+00	  1.000000000e+00	  2.500000000e+00	  0.000000000e+00	  1.183215957e+00
  7.462500000e-01	  1.000000000e+00	  0.000000000e+00	  2.500000000e+00	  1.000000000e+00	  2.500000000e+00	  0.000000000e+00	  1.183215957e+00
  7.487500000e-01	  1.000000000e+00	  0.000000000e+00	  2.500000000e+00	  1.000000000e+00	  2.500000000e+00	  0.000000000e+00	  1.183215957e+00
  7.512500000e-01	  1.000000000e+00	  0.000000000e+00	  2.500000000e+00	  1.000000000e+00	  2.500000000e+00	  0.000000000e+00	  1.183215957e+00
  7.537500000e-01	  1.000000000e+00	  0.000000000e+00	  2.500000000e+00	  1.000000000e+00	  2.500000000e+00	  0.000000000e+00	  1.183215957e+00
  7.562500000e-01	  1.000000000e+00	  0.000000000e+00	  2.500000000e+00	  1.000000000e+00	  2.500000000e+00	  0.000000000e+00	  1.183215957e+00
  7.587500000e-01	  1.000000000e+00	  0.000000000e+00	  2.500000000e+00	  1.000000000e+00	  2.500000000e+00	  0.000000000e+00	  1.183215957e+00
  7.612500000e-01	  1.000000000e+00	  0.000000000e+00	  2.500000000e+00	  1.000000000e+00	  2.500000000e+00	  0.000000000e+00	  1.183215957e+00
  7.637500000e-01	  1.000000000e+00	  0.000000000e+00	  2.500000000e+00	  1.000000000e+00	  2.500000000e+00	  0.000000000e+00	  1.183215957e+00
  7.662500000e-01	  1.000000000e+00	  0.000000000e+00	  2.500000000e+00	  1.000000000e+00	  2.500000000e+00	  0.000000000e+00	  1.183215957e+00
  7.687500000e-01	  1.000000000e+00	  0.000000000e+00	  2.500000000e+00	  1.000000000e+00	  2.500000000e+00	  0.000000000e+00	  1.183215957e+00
  7.712500000e-01	  1.000000000e+00	  0.000000000e+00	  2.500000000e+00	  1.000000000e+00	  2.500000000e+00	  0.000000000e+00	  1.183215957e+00
  7.737500000e-01	  1.000000000e+00	  0.000000000e+00	  2.500000000e+00	  1.000000000e+00	  2.500000000e+00	  0.000000000e+00	  1.183215957e+00
  7.762500000e-01	  1.000000000e+00	  0.000000000e+00	  2.500000000e+00	  1.000000000e+00	  2.500000000e+00	  0.000000000e+00	  1.183215957e+00
  7.787500000e-01	  1.000000000e+00	  0.000000000e+00	  2.500000000e+00	  1.000000000e+00	  2.500000000e+00	  0.000000000e+00	  1.183215957e+00
  7.812500000e-01	  1.000000000e+00	  0.000000000e+00	  2.500000000e+00	  1.000000000e+00	  2.500000000e+00	  0.000000000e+00	  1.183215957e+00
  7.837500000e-01	  1.000000000e+00	  0.000000000e+00	  2.500000000e+00	  1.000000000e+00	  2.500000000e+00	  0.000000000e+00	  1.183215957e+00
  7.862500000e-01	  1.000000000e+00	  0.000000000e+00	  2.500000000e+00	  1.000000000e+00	  2.500000000e+00	  0.000000000e+00	  1.183215957e+00
  7.887500000e-01	  1.000000000e+00	  0.000000000e+00	  2.500000000e+00	  1.000000000e+00	  2.500000000e+00	  0.000000000e+00	  1.183215957e+00
  7.912500000e-01	  1.000000000e+00	  0.000000000e+00	  2.500000000e+00	  1.000000000e+00	  2.500000000e+00	  0.000000000e+00	  1.183215957e+00
  7.937500000e-01	  1.000000000e+00	  0.000000000e+00	  2.500000000e+00	  1.000000000e+00	  2.500000000e+00	  0.000000000e+00	  1.183215957e+00
  7.962500000e-01	  1.000000000e+00	  0.000000000e+00	  2.500000000e+00	  1.000000000e+00	  2.500000000e+00	  0.000000000e+00	  1.183215957e+00
  7.987500000e-01	  1.000000000e+00	  0.000000000e+00	  2.500000000e+00	  1.000000000e+00	  2.500000000e+00	  0.000000000e+00	  1.183215957e+00
  8.012500000e-01	  1.000000000e+00	  0.000000000e+00	  2.500000000e+00	  1.000000000e+00	  2.500000000e+00	  0.000000000e+00	  1.183215957e+00
  8.037500000e-01	  1.000000000e+00	  0.000000000e+00	  2.500000000e+00	  1.000000000e+00	  2.500000000e+00	  0.000000000e+00	  1.183215957e+00
  8.062500000e-01	  1.000000000e+00	  0.000000000e+00	  2.500000000e+00	  1.000000000e+00	  2.500000000e+00	  0.000000000e+00	  1.183215957e+00
  8.087500000e-01	  1.000000000e+00	  0.000000000e+00	  2.500000000e+00	  1.000000000e+00	  2.500000000e+00	  0.000000000e+00	  1.183215957e+00
  8.112500000e-01	  1.000000000e+00	  0.000000000e+00	  2.500000000e+00	  1.000000000e+00	  2.500000000e+00	  0.000000000e+00	  1.183215957e+00
  8.137500000e-01	  1.000000000e+00	  0.000000000e+00	  2.500000000e+00	  1.000000000e+00	  2.500000000e+00	  0.000000000e+00	  1.183215957e+00
  8.162500000e-01	  1.000000000e+00	  0.000000000e+00	  2.500000000e+00	  1.000000000e+00	  2.500000000e+00	  0.000000000e+00	  1.183215957e+00
  8.187500000e-01	  1.000000000e+00	  0.000000000e+00	  2.500000000e+00	  1.000000000e+00	  2.500000000e+00	  0.000000000e+00	  1.183215957e+00
  8.212500000e-01	  1.000000000e+00	  0.000000000e+00	  2.500000000e+00	  1.000000000e+00	  2.500000000e+00	  0.000000000e+00	  1.183215957e+00
  8.237500000e-01	  1.000000000e+00	  0.000000000e+00	  2.500000000e+00	  1.000000000e+00	  2.500000000e+00	  0.000000000e+00	  1.183215957e+00
  8.262500000e-01	  1.000000000e+00	  0.000000000e+00	  2.500000000e+00	  1.000000000e+00	  2.500000000e+00	  0.000000000e+00	  1.183215957e+00
  8.287500000e-01	  1.000000000e+00	  0.000000000e+00	  2.500000000e+00	  1.000000000e+00	  2.500000000e+00	  0.000000000e+00	  1.183215957e+00
  8.312500000e-01	  1.000000000e+00	  0.000000000e+00	  2.500000000e+00	  1.000000000e+00	  2.500000000e+00	  0.000000000e+00	  1.183215957e+00
  8.337500000e-01	  1.000000000e+00	  0.000000000e+00	  2.500000000e+00	  1.000000000e+00	  2.500000000e+00	  0.000000000e+00	  1.183215957e+00
  8.362500000e-01	  1.000000000e+00	  0.000000000e+00	  2.500000000e+00	  1.000000000e+00	  2.500000000e+00	  0.000000000e+00	  1.183215957e+00
  8.387500000e-01	  1.000000000e+00	  0.000000000e+00	  2.500000000e+00	  1.000000000e+00	  2.500000000e+00	  0.000000000e+00	  1.183215957e+00
  8.412500000e-01	  1.000000000e+00	  0.000000000e+00	  2.500000000e+00	  1.000000000e+00	  2.500000000e+00	  0.000000000e+00	  1.183215957e+00
  8.437500000e-01	  1.000000000e+00	  0.000000000e+00	  2.500000000e+00	  1.000000000e+00	  2.500000000e+00	  0.000000000e+00	  1.183215957e+00
  8.462500000e-01	  1.000000000e+00	  0.000000000e+00	  2.500000000e+00	  1.000000000e+00	  2.500000000e+00	  0.000000000e+00	  1.183215957e+00
  8.487500000e-01	  1.000000000e+00	  0.000000000e+00	  2.500000000e+00	  1.000000000e+00	  2.500000000e+00	  0.000000000e+00	  1.183215957e+00
  8.512500000e-01	  1.000000000e+00	  0.000000000e+00	  2.500000000e+00	  1.000000000e+00	  2.500000000e+00	  0.000000000e+00	  1.183215957e+00
  8.537500000e-01	  1.000000000e+00	  0.000000000e+00	  2.500000000e+00	  1.000000000e+00	  2.500000000e+00	  0.000000000e+00	  1.183215957e+00
  8.562500000e-01	  1.000000000e+00	  0.000000000e+00	  2.500000000e+00	  1.000000000e+00	  2.500000000e+00	  0.000000000e+00	  1.183215957e+00
  8.587500000e-01	  1.000000000e+00	  0.000000000e+00	  2.500000000e+00	  1.000000000e+00	  2.500000000e+00	  0.000000000e+00	  1.183215957e+00
  8.612500000e-01	  1.000000000e+00	  0.000000000e+00	  2.500000000e+00	  1.000000000e+00	  2.500000000e+00	  0.000000000e+00	  1.183215957e+00
  8.637500000e-01	  1.000000000e+00	  0.000000000e+00	  2.500000000e+00	  1.000000000e+00	  2.500000000e+00	  0.000000000e+00	  1.183215957e+00
  8.662500000e-01	  1.000000000e+00	  0.000000000e+00	  2.500000000e+00	  1.000000000e+00	  2.500000000e+00	  0.000000000e+00	  1.183215957e+00
  8.687500000e-01	  1.000000000e+00	  0.000000000e+00	  2.500000000e+00	  1.000000000e+00	  2.500000000e+00	  0.000000000e+00	  1.183215957e+00
  8.712500000e-01	  1.000000000e+00	  0.000000000e+00	  2.500000000e+00	  1.000000000e+00	  2.500000000e+00	  0.000000000e+00	  1.183215957e+00
  8.737500000e-01	  1.000000000e+00	  0.000000000e+00	  2.500000000e+00	  1.000000000e+00	  2.500000000e+00	  0.000000000e+00	  1.183215957e+00
  8.762500000e-01	  1.000000000e+00	  0.000000000e+00	  2.500000000e+00	  1.000000000e+00	  2.500000000e+00	  0.000000000e+00	  1.183215957e+00
  8.787500000e-01	  1.000000000e+00	  0.000000000e+00	  2.500000000e+00	  1.000000000e+00	  2.500000000e+00	  0.000000000e+00	  1.183215957e+00
  8.812500000e-01	  1.000000000e+00	  0.000000000e+00	  2.500000000e+00	  1.000000000e+00	  2.500000000e+00	  0.000000000e+00	  1.183215957e+00
  8.837500000e-01	  1.000000000e+00	  0.000000000e+00	  2.500000000e+00	  1.000000000e+00	  2.500000000e+00	  0.000000000e+00	  1.183215957e+00
  8.862500000e-01	  1.000000000e+00	  0.000000000e+00	  2.500000000e+00	  1.000000000e+00	  2.500000000e+00	  0.000000000e+00	  1.183215957e+00
  8.887500000e-01	  1.000000000e+00	  0.000000000e+00	  2.500000000e+00	  1.000000000e+00	  2.500000000e+00	  0.000000000e+00	  1.183215957e+00
  8.912500000e-01	  1.000000000e+00	  0.000000000e+00	  2.500000000e+00	  1.000000000e+00	  2.500000000e+00	  0.000000000e+00	  1.183215957e+00
  8.937500000e-01	  1.000000000e+00	  0.000000000e+00	  2.500000000e+00	  1.000000000e+00	  2.500000000e+00	  0.000000000e+00	  1.183215957e+00
  8.962500000e-01	  1.000000000e+00	  0.000000000e+00	  2.500000000e+00	  1.000000000e+00	  2.500000000e+00	  0.000000000e+00	  1.183215957e+00
  8.987500000e-01	  1.000000000e+00	  0.000000000e+00	  2.500000000e+00	  1.000000000e+00	  2.500000000e+00	  0.000000000e+00	  1.183215957e+00
  9.012500000e-01	  1.000000000e+00	  0.000000000e+00	  2.500000000e+00	  1.000000000e+00	  2.500000000e+00	  0.000000000e+00	  1.183215957e+00
  9.037500000e-01	  1.000000000e+00	  0.000000000e+00	  2.500000000e+00	  1.000000000e+00	  2.500000000e+00	  0.000000000e+00	  1.183215957e+00
  9.062500000e-01	  1.000000000e+00	  0.000000000e+00	  2.500000000e+00	  1.000000000e+00	  2.500000000e+00	  0.000000000e+00	  1.183215957e+00
  9.087500000e-01	  1.000000000e+00	  0.000000000e+00	  2.500000000e+00	  1.000000000e+00	  2.500000000e+00	  0.000000000e+00	  1.183215957e+00
  9.112500000e-01	  1.000000000e+00	  0.000000000e+00	  2.500000000e+00	  1.000000000e+00	  2.500000000e+00	  0.000000000e+00	  1.183215957e+00
  9.137500000e-01	  1.000000000e+00	  0.000000000e+00	  2.500000000e+00	  1.000000000e+00	  2.500000000e+00	  0.000000000e+00	  1.183215957e+00
  9.162500000e-01	  1.000000000e+00	  0.000000000e+00	  2.500000000e+00	  1.000000000e+00	  2.500000000e+00	  0.000000000e+00	  1.183215957e+00
  9.187500000e-01	  1.000000000e+00	  0.000000000e+00	  2.500000000e+00	  1.000000000e+00	  2.500000000e+00	  0.000000000e+00	  1.183215957e+00
  9.212500000e-01	  1.000000000e+00	  0.000000000e+00	  2.500000000e+00	  1.000000000e+00	  2.500000000e+00	  0.000000000e+00	  1.183215957e+00
  9.237500000e-01	  1.000000000e+00	  0.000000000e+00	  2.500000000e+00	  1.000000000e+00	  2.500000000e+00	  0.000000000e+00	  1.183215957e+00
  9.262500000e-01	  1.000000000e+00	  0.000000000e+00	  2.500000000e+00	  1.000000000e+00	  2.500000000e+00	  0.000000000e+00	  1.183215957e+00
  9.287500000e-01	  1.000000000e+00	  0.000000000e+00	  2.500000000e+00	  1.000000000e+00	  2.500000000e+00	  0.000000000e+00	  1.183215957e+00
  9.312500000e-01	  1.000000000e+00	  0.000000000e+00	  2.500000000e+00	  1.000000000e+00	  2.500000000e+00	  0.000000000e+00	  1.183215957e+00
  9.337500000e-01	  1.000000000e+00	  0.000000000e+00	  2.500000000e+00	  1.000000000e+00	  2.500000000e+00	  0.000000000e+00	  1.183215957e+00
  9.362500000e-01	  1.000000000e+00	  0.000000000e+00	  2.500000000e+00	  1.000000000e+00	  2.500000000e+00	  0.000000000e+00	  1.183215957e+00
  9.387500000e-01	  1.000000000e+00	  0.000000000e+00	  2.500000000e+00	  1.000000000e+00	  2.500000000e+00	  0.000000000e+00	  1.183215957e+00
  9.412500000e-01	  1.000000000e+00	  0.000000000e+00	  2.500000000e+00	  1.000000000e+00	  2.500000000e+00	  0.000000000e+00	  1.183215957e+00
  9.437500000e-01	  1.000000000e+00	  0.000000000e+00	  2.500000000e+00	  1.000000000e+00	  2.500000000e+00	  0.000000000e+00	  1.183215957e+00
  9.462500000e-01	  1.000000000e+00	  0.000000000e+00	  2.500000000e+00	  1.000000000e+00	  2.500000000e+00	  0.000000000e+00	  1.183215957e+00
  9.487500000e-01	  1.000000000e+00	  0.000000000e+00	  2.500000000e+00	  1.000000000e+00	  2.500000000e+00	  0.000000000e+00	  1.183215957e+00
  9.512500000e-01	  1.000000000e+00	  0.000000000e+00	  2.500000000e+00	  1.000000000e+00	  2.500000000e+00	  0.000000000e+00	  1.183215957e+00
  9.537500000e-01	  1.000000000e+00	  0.000000000e+00	  2.500000000e+00	  1.000000000e+00	  2.500000000e+00	  0.000000000e+00	  1.183215957e+00
  9.562500000e-01	  1.000000000e+00	  0.000000000e+00	  2.500000000e+00	  1.000000000e+00	  2.500000000e+00	  0.000000000e+00	  1.183215957e+00
  9.587500000e-01	  1.000000000e+00	  0.000000000e+00	  2.500000000e+00	  1.000000000e+00	  2.500000000e+00	  0.000000000e+00	  1.183215957e+00
  9.612500000e-01	  1.000000000e+00	  0.000000000e+00	  2.500000000e+00	  1.000000000e+00	  2.500000000e+00	  0.000000000e+00	  1.183215957e+00
  9.637500000e-01	  1.000000000e+00	  0.000000000e+00	  2.500000000e+00	  1.000000000e+00	  2.500000000e+00	  0.000000000e+00	  1.183215957e+00
  9.662500000e-01	  1.000000000e+00	  0.000000000e+00	  2.500000000e+00	  1.000000000e+00	  2.500000000e+00	  0.000000000e+00	  1.183215957e+00
  9.687500000e-01	  1.000000000e+00	  0.000000000e+00	  2.500000000e+00	  1.000000000e+00	  2.500000000e+00	  0.000000000e+00	  1.183215957e+00
  9.712500000e-01	  1.000000000e+00	  0.000000000e+00	  2.500000000e+00	  1.000000000e+00	  2.500000000e+00	  0.000000000e+00	  1.183215957e+00
  9.737500000e-01	  1.000000000e+00	  0.000000000e+00	  2.500000000e+00	  1.000000000e+00	  2.500000000e+00	  0.000000000e+00	  1.183215957e+00
  9.762500000e-01	  1.000000000e+00	  0.000000000e+00	  2.500000000e+00	  1.000000000e+00	  2.500000000e+00	  0.000000000e+00	  1.183215957e+00
  9.787500000e-01	  1.000000000e+00	  0.000000000e+00	  2.500000000e+00	  1.000000000e+00	  2.500000000e+00	  0.000000000e+00	  1.183215957e+00
  9.812500000e-01	  1.000000000e+00	  0.000000000e+00	  2.500000000e+00	  1.000000000e+00	  2.500000000e+00	  0.000000000e+00	  1.183215957e+00
  9.837500000e-01	  1.000000000e+00	  0.000000000e+00	  2.500000000e+00	  1.000000000e+00	  2.500000000e+00	  0.000000000e+00	  1.183215957e+00
  9.862500000e-01	  1.000000000e+00	  0.000000000e+00	  2.500000000e+00	  1.000000000e+00	  2.500000000e+00	  0.000000000e+00	  1.183215957e+00
  9.887500000e-01	  1.000000000e+00	  0.000000000e+00	  2.500000000e+00	  1.000000000e+00	  2.500000000e+00	  0.000000000e+00	  1.183215957e+00
  9.912500000e-01	  1.000000000e+00	  0.000000000e+00	  2.500000000e+00	  1.000000000e+00	  2.500000000e+00	  0.000000000e+00	  1.183215957e+00
  9.937500000e-01	  1.000000000e+00	  0.000000000e+00	  2.500000000e+00	  1.000000000e+00	  2.500000000e+00	  0.000000000e+00	  1.183215957e+00
  9.962500000e-01	  1.000000000e+00	  0.000000000e+00	  2.500000000e+00	  1.000000000e+00	  2.500000000e+00	  0.000000000e+00	  1.183215957e+00
  9.987500000e-01	  1.000000000e+00	  0.000000000e+00	  2.500000000e+00	  1.000000000e+00	  2.500000000e+00	  0.000000000e+00	  1.183215957e+00
